memory_id,source_file,source_group,memory_path,timestamp,epoch,valence,energy,velocity,weight,paired_audio,has_paired_audio,temp_cluster,has_temp_cluster,prev_id,next_id,vis_profile_r,vis_profile_g,vis_profile_b
vis_2026-04-15_21-35-26_0,consolidated_memory,raw_memories,raw_memories/vis_2026-04-15_21-35-26_0,2026-04-15_21-35-26,1776260126.0131204,0.0,0.05340011045336723,3.594816207885742,1.1,None,False,None,False,None,vis_2026-04-15_21-35-26_1,0.5804118342200064,0.5759365010038616,0.5756902374617766
vis_2026-04-15_21-35-26_1,consolidated_memory,raw_memories,raw_memories/vis_2026-04-15_21-35-26_1,2026-04-15_21-35-26,1776260126.5476377,0.12282071500328731,-0.4612959623336792,1.9351844787597656,1.1,None,False,None,False,vis_2026-04-15_21-35-26_0,vis_2026-04-15_21-35-27_2,0.5831076784697427,0.5754140128339184,0.5734842187401449
vis_2026-04-15_21-35-27_2,consolidated_memory,raw_memories,raw_memories/vis_2026-04-15_21-35-27_2,2026-04-15_21-35-27,1776260127.4767132,0.03747456115640994,-0.1542321741580963,8.534814834594727,1.1,aud_2026-04-15_21-35-28_0,True,None,False,vis_2026-04-15_21-35-26_1,vis_2026-04-15_21-35-28_3,0.5948606056926048,0.5504119359845895,0.5858221236183587
vis_2026-04-15_21-35-28_3,consolidated_memory,raw_memories,raw_memories/vis_2026-04-15_21-35-28_3,2026-04-15_21-35-28,1776260128.2369735,0.00017166972656704974,0.9133306741714478,3.491107940673828,1.2000000000000002,aud_2026-04-15_21-35-28_0,True,None,False,vis_2026-04-15_21-35-27_2,vis_2026-04-15_21-35-30_4,0.6171005003777681,0.534644566842189,0.5773579128925457
vis_2026-04-15_21-35-30_4,consolidated_memory,raw_memories,raw_memories/vis_2026-04-15_21-35-30_4,2026-04-15_21-35-30,1776260130.1432512,-0.014648463521835658,-0.0435374453663826,0.7674083709716797,1.1,None,False,None,False,vis_2026-04-15_21-35-28_3,vis_2026-04-15_21-35-31_5,0.6003703491088447,0.5408164563850227,0.5891290218738766
vis_2026-04-15_21-35-31_5,consolidated_memory,raw_memories,raw_memories/vis_2026-04-15_21-35-31_5,2026-04-15_21-35-31,1776260131.075618,-0.03211691387772758,-0.2359319031238556,2.492961883544922,1.5000000000000004,None,False,None,False,vis_2026-04-15_21-35-30_4,vis_2026-04-15_21-35-32_6,0.5978776609575378,0.5478012664249258,0.5851974666992252
vis_2026-04-15_21-35-32_6,consolidated_memory,raw_memories,raw_memories/vis_2026-04-15_21-35-32_6,2026-04-15_21-35-32,1776260132.3234382,-0.01959448544245753,0.4898005425930023,2.3529624938964844,1.5000000000000004,aud_2026-04-15_21-35-32_1,True,None,False,vis_2026-04-15_21-35-31_5,vis_2026-04-15_21-35-36_7,0.5861057206750563,0.5696790543852576,0.5761474283433813
vis_2026-04-15_21-35-36_7,consolidated_memory,raw_memories,raw_memories/vis_2026-04-15_21-35-36_7,2026-04-15_21-35-36,1776260136.600604,0.11358008061550356,-0.6355173587799072,1.3137016296386719,1.4000000000000004,None,False,None,False,vis_2026-04-15_21-35-32_6,vis_2026-04-15_21-35-37_8,0.5798810086840898,0.5784245936852213,0.573727291653107
vis_2026-04-15_21-35-37_8,consolidated_memory,raw_memories,raw_memories/vis_2026-04-15_21-35-37_8,2026-04-15_21-35-37,1776260137.5395794,0.0016072883435363247,-0.288216769695282,0.3844451904296875,1.7000000000000006,None,False,None,False,vis_2026-04-15_21-35-36_7,vis_2026-04-15_21-35-38_9,0.5805826283532041,0.5792890349216466,0.5721433611202987
vis_2026-04-15_21-35-38_10,consolidated_memory,raw_memories,raw_memories/vis_2026-04-15_21-35-38_10,2026-04-15_21-35-38,1776260138.7444348,-0.01159074049637319,0.2899894118309021,12.121112823486328,1.6000000000000005,aud_2026-04-15_21-35-39_4,True,None,False,vis_2026-04-15_21-35-38_9,vis_2026-04-15_21-35-39_11,0.5800162557788185,0.5769587262270953,0.5750650148137408
vis_2026-04-15_21-35-38_9,consolidated_memory,raw_memories,raw_memories/vis_2026-04-15_21-35-38_9,2026-04-15_21-35-38,1776260138.2048447,-0.028177356188477682,-0.31862011551856995,2.625926971435547,1.7000000000000006,None,False,None,False,vis_2026-04-15_21-35-37_8,vis_2026-04-15_21-35-38_10,0.5791344700652113,0.5779880347273783,0.5749200790494882
vis_2026-04-15_21-35-39_11,consolidated_memory,raw_memories,raw_memories/vis_2026-04-15_21-35-39_11,2026-04-15_21-35-39,1776260139.245837,-0.007452680328300161,0.6021946668624878,4.508148193359375,1.5000000000000004,aud_2026-04-15_21-35-39_4,True,None,False,vis_2026-04-15_21-35-38_10,vis_2026-04-15_21-35-39_12,0.5839465437265395,0.5759328050728069,0.5721082398557085
vis_2026-04-15_21-35-39_12,consolidated_memory,raw_memories,raw_memories/vis_2026-04-15_21-35-39_12,2026-04-15_21-35-39,1776260139.8665285,-0.008557615132499998,0.2678065896034241,5.220371246337891,1.1,None,False,None,False,vis_2026-04-15_21-35-39_11,vis_2026-04-15_21-35-40_13,0.5816350133443033,0.5770055674367309,0.5733805772774209
vis_2026-04-15_21-35-40_13,consolidated_memory,raw_memories,raw_memories/vis_2026-04-15_21-35-40_13,2026-04-15_21-35-40,1776260140.962678,-0.013808381279898892,-0.005347124300897121,0.7974090576171875,1.2000000000000002,None,False,None,False,vis_2026-04-15_21-35-39_12,vis_2026-04-15_21-35-41_14,0.5798965920920586,0.5779299616437144,0.5742098065293829
vis_2026-04-15_21-35-41_14,consolidated_memory,raw_memories,raw_memories/vis_2026-04-15_21-35-41_14,2026-04-15_21-35-41,1776260141.57617,-0.027647340976087804,-0.19435791671276093,2.4614830017089844,1.2000000000000002,None,False,None,False,vis_2026-04-15_21-35-40_13,vis_2026-04-15_21-35-42_15,0.5870861051044328,0.5783641272810243,0.5664140194837749
vis_2026-04-15_21-35-42_15,consolidated_memory,raw_memories,raw_memories/vis_2026-04-15_21-35-42_15,2026-04-15_21-35-42,1776260142.2494876,-0.012316079197491184,1.0,5.790370941162109,1.4000000000000004,aud_2026-04-15_21-35-42_5,True,None,False,vis_2026-04-15_21-35-41_14,vis_2026-04-15_21-35-42_16,0.5858929974508245,0.5772535021259919,0.5687774519276987
vis_2026-04-15_21-35-42_16,consolidated_memory,raw_memories,raw_memories/vis_2026-04-15_21-35-42_16,2026-04-15_21-35-42,1776260142.7773552,0.038692677812830194,0.16303113102912903,3.589630126953125,1.0,None,False,None,False,vis_2026-04-15_21-35-42_15,vis_2026-04-15_21-35-47_17,0.5849140601264818,0.5763148368716422,0.57073352018956
vis_2026-04-15_21-35-47_17,consolidated_memory,raw_memories,raw_memories/vis_2026-04-15_21-35-47_17,2026-04-15_21-35-47,1776260147.2290418,-0.024327816882560492,-0.19212576746940613,10.168148040771484,1.2000000000000002,None,False,None,False,vis_2026-04-15_21-35-42_16,vis_2026-04-15_21-35-47_18,0.578627369293451,0.5810068417138344,0.5723822301454297
vis_2026-04-15_21-35-47_18,consolidated_memory,raw_memories,raw_memories/vis_2026-04-15_21-35-47_18,2026-04-15_21-35-47,1776260147.8783362,-0.01220861131969918,0.0008938385872170329,12.167036056518555,1.1,None,False,None,False,vis_2026-04-15_21-35-47_17,vis_2026-04-15_21-35-48_19,0.6507620195497539,0.511366318309865,0.5612604408024313
vis_2026-04-15_21-35-48_19,consolidated_memory,raw_memories,raw_memories/vis_2026-04-15_21-35-48_19,2026-04-15_21-35-48,1776260148.485054,0.06741054504698432,-0.18390607833862305,11.674072265625,1.4000000000000004,None,False,None,False,vis_2026-04-15_21-35-47_18,vis_2026-04-15_21-35-49_20,0.5853965508953566,0.5351758849446268,0.60901367010401
vis_2026-04-15_21-35-49_20,consolidated_memory,raw_memories,raw_memories/vis_2026-04-15_21-35-49_20,2026-04-15_21-35-49,1776260149.0045352,0.01890338360202681,-0.08598203957080841,7.379631042480469,1.3000000000000003,None,False,None,False,vis_2026-04-15_21-35-48_19,vis_2026-04-15_21-35-49_21,0.5482075847336959,0.5417903784043666,0.6371276402016325
vis_2026-04-15_21-35-49_21,consolidated_memory,raw_memories,raw_memories/vis_2026-04-15_21-35-49_21,2026-04-15_21-35-49,1776260149.764257,-0.012730060028926604,-0.15283934772014618,2.698148727416992,1.5000000000000004,None,False,None,False,vis_2026-04-15_21-35-49_20,vis_2026-04-15_21-35-50_22,0.5449078739804545,0.5438710721765835,0.6381846642811112
vis_2026-04-15_21-35-50_22,consolidated_memory,raw_memories,raw_memories/vis_2026-04-15_21-35-50_22,2026-04-15_21-35-50,1776260150.9695973,-0.030848214797961744,-0.22942054271697998,6.095926284790039,1.3000000000000003,None,False,None,False,vis_2026-04-15_21-35-49_21,vis_2026-04-15_21-35-51_23,0.6407984835703247,0.5173927825179144,0.567170179092962
vis_2026-04-15_21-35-51_23,consolidated_memory,raw_memories,raw_memories/vis_2026-04-15_21-35-51_23,2026-04-15_21-35-51,1776260151.9720075,-0.019877066040825824,-0.04719927906990051,21.84111213684082,1.2000000000000002,None,False,None,False,vis_2026-04-15_21-35-50_22,vis_2026-04-15_21-35-52_24,0.5643926729802854,0.5993413191105006,0.5676714665130296
vis_2026-04-15_21-35-52_24,consolidated_memory,raw_memories,raw_memories/vis_2026-04-15_21-35-52_24,2026-04-15_21-35-52,1776260152.9283712,-0.018815886800785553,-0.09001926332712173,1.5048141479492188,1.7000000000000002,None,False,None,False,vis_2026-04-15_21-35-51_23,vis_2026-04-15_21-35-53_25,0.5024607971736385,0.5921442803930725,0.62999864960284
vis_2026-04-15_21-35-53_25,consolidated_memory,raw_memories,raw_memories/vis_2026-04-15_21-35-53_25,2026-04-15_21-35-53,1776260153.5526195,-0.035229044861132076,-0.27947303652763367,0.0055561065673828125,1.0,None,False,None,False,vis_2026-04-15_21-35-52_24,vis_2026-04-15_21-35-54_26,0.5009149573427645,0.5857778936967225,0.637140851591332
vis_2026-04-15_21-35-54_26,consolidated_memory,raw_memories,raw_memories/vis_2026-04-15_21-35-54_26,2026-04-15_21-35-54,1776260154.0526948,-0.02616116643971873,-0.1709008812904358,1.144815444946289,1.2000000000000002,None,False,None,False,vis_2026-04-15_21-35-53_25,vis_2026-04-15_21-35-54_27,0.5235625079977858,0.5833894745557827,0.62091788603373
vis_2026-04-15_21-35-54_27,consolidated_memory,raw_memories,raw_memories/vis_2026-04-15_21-35-54_27,2026-04-15_21-35-54,1776260154.9891255,-0.016405774185289195,-0.08645400404930115,2.764444351196289,1.0,None,False,None,False,vis_2026-04-15_21-35-54_26,vis_2026-04-15_21-35-55_28,0.5594097918046342,0.5754117523415292,0.5966255107689802
vis_2026-04-15_21-35-55_28,consolidated_memory,raw_memories,raw_memories/vis_2026-04-15_21-35-55_28,2026-04-15_21-35-55,1776260155.53761,-0.02147649095255864,-0.14354103803634644,2.0985183715820312,1.1,None,False,None,False,vis_2026-04-15_21-35-54_27,vis_2026-04-15_21-35-56_29,0.5661084436649566,0.5750923843067413,0.5905844389447017
vis_2026-04-15_21-35-56_29,consolidated_memory,raw_memories,raw_memories/vis_2026-04-15_21-35-56_29,2026-04-15_21-35-56,1776260156.2664196,-0.0409983744698486,-0.3406550884246826,0.20185208320617676,1.6000000000000005,None,False,None,False,vis_2026-04-15_21-35-55_28,vis_2026-04-15_21-35-57_30,0.5690670359675919,0.5728985954114936,0.589872789634
vis_2026-04-15_21-35-57_30,consolidated_memory,raw_memories,raw_memories/vis_2026-04-15_21-35-57_30,2026-04-15_21-35-57,1776260157.4040635,-0.04690521948365232,-0.3803422152996063,3.252592086791992,1.6000000000000005,None,False,None,False,vis_2026-04-15_21-35-56_29,vis_2026-04-15_21-35-57_31,0.5501393474662492,0.5665714062812766,0.6134684506589284
vis_2026-04-15_21-35-57_31,consolidated_memory,raw_memories,raw_memories/vis_2026-04-15_21-35-57_31,2026-04-15_21-35-57,1776260157.9047456,-0.03524431879221327,-0.23821969330310822,3.3203697204589844,1.4000000000000004,None,False,None,False,vis_2026-04-15_21-35-57_30,vis_2026-04-15_21-35-58_32,0.49463949909589194,0.5452547717944193,0.6767783978301767
vis_2026-04-15_21-35-58_32,consolidated_memory,raw_memories,raw_memories/vis_2026-04-15_21-35-58_32,2026-04-15_21-35-58,1776260158.7388237,-0.02436862222960132,-0.14984449744224548,0.2674064636230469,1.5000000000000004,None,False,None,False,vis_2026-04-15_21-35-57_31,vis_2026-04-15_21-35-59_33,0.52134415887709,0.5642986645218104,0.6401306782397176
vis_2026-04-15_21-35-59_33,consolidated_memory,raw_memories,raw_memories/vis_2026-04-15_21-35-59_33,2026-04-15_21-35-59,1776260159.5304322,-0.016947573382777317,-0.08025960624217987,0.5499992370605469,1.7000000000000006,None,False,None,False,vis_2026-04-15_21-35-58_32,vis_2026-04-15_21-36-00_34,0.5311785844802697,0.5606827051904066,0.6352040738927173
vis_2026-04-15_21-36-00_34,consolidated_memory,raw_memories,raw_memories/vis_2026-04-15_21-36-00_34,2026-04-15_21-36-00,1776260160.200341,-0.014797374953609839,-0.02047647535800934,3.7018508911132812,1.4000000000000004,None,False,None,False,vis_2026-04-15_21-35-59_33,vis_2026-04-15_21-36-00_35,0.5273082587425478,0.6204603570917965,0.5804954311098605
vis_2026-04-15_21-36-00_35,consolidated_memory,raw_memories,raw_memories/vis_2026-04-15_21-36-00_35,2026-04-15_21-36-00,1776260160.883277,0.12368339805650466,-0.2748003602027893,6.415555953979492,1.3000000000000003,None,False,None,False,vis_2026-04-15_21-36-00_34,vis_2026-04-15_21-36-01_36,0.5970803447869607,0.5857886287655862,0.5480389988659732
vis_2026-04-15_21-36-01_36,consolidated_memory,raw_memories,raw_memories/vis_2026-04-15_21-36-01_36,2026-04-15_21-36-01,1776260161.5241318,0.036517464429132625,-0.04049210622906685,5.708148956298828,1.7000000000000002,None,False,None,False,vis_2026-04-15_21-36-00_35,vis_2026-04-15_21-36-02_37,0.584481309231739,0.5779949083642044,0.5694765008881466
vis_2026-04-15_21-36-02_37,consolidated_memory,raw_memories,raw_memories/vis_2026-04-15_21-36-02_37,2026-04-15_21-36-02,1776260162.2819023,-0.006412621678886177,-0.13630028069019318,4.110370635986328,2.100000000000001,None,False,None,False,vis_2026-04-15_21-36-01_36,vis_2026-04-15_21-36-03_38,0.5789325195797551,0.5753868783325535,0.5777257809858893
vis_2026-04-15_21-36-03_38,consolidated_memory,raw_memories,raw_memories/vis_2026-04-15_21-36-03_38,2026-04-15_21-36-03,1776260163.3508594,-0.0251186395330651,-0.07589538395404816,2.485553741455078,42.400000000000084,None,False,None,False,vis_2026-04-15_21-36-02_37,None,0.5802192723673503,0.5760701648228246,0.5757506067513142
vis_2026-04-15_21-36-47_0,consolidated_memory,raw_memories,raw_memories/vis_2026-04-15_21-36-47_0,2026-04-15_21-36-47,1776260207.3135908,-0.11316519974595671,0.1290132850408554,2.0748138427734375,1.1,None,False,None,False,None,vis_2026-04-15_21-36-51_1,0.5840395204262638,0.5692067353914445,0.5787067745977006
vis_2026-04-15_21-36-51_1,consolidated_memory,raw_memories,raw_memories/vis_2026-04-15_21-36-51_1,2026-04-15_21-36-51,1776260211.4875057,-0.019304159789143835,-0.11944643408060074,41.74962615966797,1.0,aud_2026-04-15_21-36-51_2,True,None,False,vis_2026-04-15_21-36-47_0,vis_2026-04-15_21-36-56_2,0.813849868340394,0.4503025964810217,0.3672546302019534
vis_2026-04-15_21-36-56_2,consolidated_memory,raw_memories,raw_memories/vis_2026-04-15_21-36-56_2,2026-04-15_21-36-56,1776260216.772379,-0.026573154060472663,-0.0178377628326416,2.437408447265625,1.0,aud_2026-04-15_21-36-57_6,True,None,False,vis_2026-04-15_21-36-51_1,vis_2026-04-15_21-36-58_3,0.5809199977728889,0.5776702085243973,0.5734362095045327
vis_2026-04-15_21-36-58_3,consolidated_memory,raw_memories,raw_memories/vis_2026-04-15_21-36-58_3,2026-04-15_21-36-58,1776260218.7304142,-0.0343724551425447,-0.08716300874948502,4.829999923706055,1.0,None,False,None,False,vis_2026-04-15_21-36-56_2,vis_2026-04-15_21-36-59_4,0.5851471390930786,0.575718621658711,0.5710962215656652
vis_2026-04-15_21-36-59_4,consolidated_memory,raw_memories,raw_memories/vis_2026-04-15_21-36-59_4,2026-04-15_21-36-59,1776260219.5072029,-0.04625600202402653,0.8884661793708801,0.7566680908203125,1.0,aud_2026-04-15_21-36-59_7,True,None,False,vis_2026-04-15_21-36-58_3,vis_2026-04-15_21-37-01_5,0.5820191397151482,0.5780674971526073,0.571919303521886
vis_2026-04-15_21-37-01_5,consolidated_memory,raw_memories,raw_memories/vis_2026-04-15_21-37-01_5,2026-04-15_21-37-01,1776260221.2849462,0.15506774538693016,-0.2830183207988739,31.573707580566406,1.0,None,False,None,False,vis_2026-04-15_21-36-59_4,vis_2026-04-15_21-37-02_6,0.5439422318865615,0.5937000658751603,0.5929983812373322
vis_2026-04-15_21-37-02_6,consolidated_memory,raw_memories,raw_memories/vis_2026-04-15_21-37-02_6,2026-04-15_21-37-02,1776260222.00945,0.026264475893909192,-0.09265443682670593,0.5955543518066406,1.1,None,False,None,False,vis_2026-04-15_21-37-01_5,vis_2026-04-15_21-37-02_7,0.5098291521040228,0.5969071813606838,0.619496612181969
vis_2026-04-15_21-37-02_7,consolidated_memory,raw_memories,raw_memories/vis_2026-04-15_21-37-02_7,2026-04-15_21-37-02,1776260222.9713523,-0.02328041916095499,-0.20343628525733948,0.6937026977539062,1.1,None,False,None,False,vis_2026-04-15_21-37-02_6,vis_2026-04-15_21-37-03_8,0.5214666575404913,0.5968994814196438,0.6097405465888819
vis_2026-04-15_21-37-03_8,consolidated_memory,raw_memories,raw_memories/vis_2026-04-15_21-37-03_8,2026-04-15_21-37-03,1776260223.5521183,-0.033448859354478395,-0.2520175874233246,2.5400009155273438,1.0,None,False,None,False,vis_2026-04-15_21-37-02_7,vis_2026-04-15_21-37-04_9,0.5382383400640168,0.5883091813713948,0.6034830539453871
vis_2026-04-15_21-37-04_9,consolidated_memory,raw_memories,raw_memories/vis_2026-04-15_21-37-04_9,2026-04-15_21-37-04,1776260224.1988678,-0.023653801625632857,-0.1364743858575821,1.1733322143554688,1.1,None,False,None,False,vis_2026-04-15_21-37-03_8,vis_2026-04-15_21-37-05_10,0.5450459372895443,0.5858553387952062,0.5997486542288496
vis_2026-04-15_21-37-05_10,consolidated_memory,raw_memories,raw_memories/vis_2026-04-15_21-37-05_10,2026-04-15_21-37-05,1776260225.0792253,-0.024359690264998454,-0.1447872817516327,15.089999198913574,1.0,None,False,None,False,vis_2026-04-15_21-37-04_9,vis_2026-04-15_21-37-05_11,0.476985467359103,0.5983742225948356,0.6437648279164092
vis_2026-04-15_21-37-05_11,consolidated_memory,raw_memories,raw_memories/vis_2026-04-15_21-37-05_11,2026-04-15_21-37-05,1776260225.7273695,-0.023334308469156736,-0.12985795736312866,5.272594451904297,1.0,None,False,None,False,vis_2026-04-15_21-37-05_10,vis_2026-04-15_21-37-06_12,0.4915967982088719,0.6225329916445616,0.6089213925498576
vis_2026-04-15_21-37-06_12,consolidated_memory,raw_memories,raw_memories/vis_2026-04-15_21-37-06_12,2026-04-15_21-37-06,1776260226.686592,-0.03799927099216682,-0.30618029832839966,1.6081466674804688,1.1,None,False,None,False,vis_2026-04-15_21-37-05_11,vis_2026-04-15_21-37-07_13,0.5760619408081379,0.645098160106042,0.50199701610683
vis_2026-04-15_21-37-07_13,consolidated_memory,raw_memories,raw_memories/vis_2026-04-15_21-37-07_13,2026-04-15_21-37-07,1776260227.196945,0.1363861325712357,-0.5906776785850525,6.274442672729492,1.0,None,False,None,False,vis_2026-04-15_21-37-06_12,vis_2026-04-15_21-37-07_14,0.6352484925700688,0.6123094885143165,0.4706765800024377
vis_2026-04-15_21-37-07_14,consolidated_memory,raw_memories,raw_memories/vis_2026-04-15_21-37-07_14,2026-04-15_21-37-07,1776260227.805041,0.08824913214568528,-0.025123849511146545,2.2044448852539062,1.0,aud_2026-04-15_21-37-08_8,True,None,False,vis_2026-04-15_21-37-07_13,vis_2026-04-15_21-37-08_15,0.5922259678434167,0.5873674663259221,0.5516048064636448
vis_2026-04-15_21-37-08_15,consolidated_memory,raw_memories,raw_memories/vis_2026-04-15_21-37-08_15,2026-04-15_21-37-08,1776260228.334241,0.035469540039202704,0.47031885385513306,4.818145751953125,1.0,None,False,None,False,vis_2026-04-15_21-37-07_14,vis_2026-04-15_21-37-11_16,0.589601931926603,0.5706613936961278,0.5715900065722023
vis_2026-04-15_21-37-11_16,consolidated_memory,raw_memories,raw_memories/vis_2026-04-15_21-37-11_16,2026-04-15_21-37-11,1776260231.2057981,-0.0019153415331853007,0.03722812607884407,2.4703712463378906,1.0,None,False,None,False,vis_2026-04-15_21-37-08_15,vis_2026-04-15_21-37-11_17,0.5891973078120425,0.5748627260160029,0.5677846235188931
vis_2026-04-15_21-37-11_17,consolidated_memory,raw_memories,raw_memories/vis_2026-04-15_21-37-11_17,2026-04-15_21-37-11,1776260231.8350496,-0.0041702953280797275,0.025022344663739204,15.31851577758789,1.0,None,False,None,False,vis_2026-04-15_21-37-11_16,vis_2026-04-15_21-37-12_18,0.5881324440802677,0.5744304725693165,0.5693240381399354
vis_2026-04-15_21-37-12_18,consolidated_memory,raw_memories,raw_memories/vis_2026-04-15_21-37-12_18,2026-04-15_21-37-12,1776260232.4836235,-0.019848177941866798,-0.0886249989271164,10.781108856201172,1.0,aud_2026-04-15_21-37-12_10,True,None,False,vis_2026-04-15_21-37-11_17,vis_2026-04-15_21-37-13_19,0.586765456936345,0.574302185161078,0.570861891060783
vis_2026-04-15_21-37-13_19,consolidated_memory,raw_memories,raw_memories/vis_2026-04-15_21-37-13_19,2026-04-15_21-37-13,1776260233.051044,-0.01412754835839018,0.7190879583358765,5.642223358154297,1.0,None,False,None,False,vis_2026-04-15_21-37-12_18,vis_2026-04-15_21-37-17_20,0.5883411093717419,0.5735776169585283,0.5699679432629556
vis_2026-04-15_21-37-17_20,consolidated_memory,raw_memories,raw_memories/vis_2026-04-15_21-37-17_20,2026-04-15_21-37-17,1776260237.8721395,0.01154710406518134,-0.04140530154109001,0.8077774047851562,1.0,None,False,None,False,vis_2026-04-15_21-37-13_19,vis_2026-04-15_21-37-18_21,0.5816085552893356,0.5747549210147515,0.5756633297193584
vis_2026-04-15_21-37-18_21,consolidated_memory,raw_memories,raw_memories/vis_2026-04-15_21-37-18_21,2026-04-15_21-37-18,1776260238.514637,-0.008555216291965387,-0.06765013188123703,4.377777099609375,1.2000000000000002,None,False,None,False,vis_2026-04-15_21-37-17_20,vis_2026-04-15_21-37-19_22,0.5744367381345671,0.5844126565818933,0.5731354819832853
vis_2026-04-15_21-37-19_22,consolidated_memory,raw_memories,raw_memories/vis_2026-04-15_21-37-19_22,2026-04-15_21-37-19,1776260239.3547497,-0.023114140824821272,-0.15633316338062286,1.2648162841796875,1.1,None,False,None,False,vis_2026-04-15_21-37-18_21,vis_2026-04-15_21-37-19_23,0.5735473784384076,0.5897580481092806,0.5685321885142139
vis_2026-04-15_21-37-19_23,consolidated_memory,raw_memories,raw_memories/vis_2026-04-15_21-37-19_23,2026-04-15_21-37-19,1776260239.879219,-0.016139901764940404,-0.08138276636600494,2.6788902282714844,1.0,None,False,None,False,vis_2026-04-15_21-37-19_22,vis_2026-04-15_21-37-20_24,0.5948598870389403,0.5903078414610351,0.5455990900850483
vis_2026-04-15_21-37-20_24,consolidated_memory,raw_memories,raw_memories/vis_2026-04-15_21-37-20_24,2026-04-15_21-37-20,1776260240.713205,-0.004258219213960975,0.10500407218933105,9.271110534667969,1.0,None,False,None,False,vis_2026-04-15_21-37-19_23,vis_2026-04-15_21-37-21_25,0.5661437697853481,0.6189833181588215,0.5443720086249202
vis_2026-04-15_21-37-21_25,consolidated_memory,raw_memories,raw_memories/vis_2026-04-15_21-37-21_25,2026-04-15_21-37-21,1776260241.5320706,0.015075253430901133,-0.11290966719388962,4.198518753051758,1.0,None,False,None,False,vis_2026-04-15_21-37-20_24,vis_2026-04-15_21-37-22_26,0.5570023415524342,0.5910795464495469,0.5834152562918657
vis_2026-04-15_21-37-22_26,consolidated_memory,raw_memories,raw_memories/vis_2026-04-15_21-37-22_26,2026-04-15_21-37-22,1776260242.2427068,-0.02016822613020975,-0.2340763509273529,0.08629608154296875,1.0,None,False,None,False,vis_2026-04-15_21-37-21_25,vis_2026-04-15_21-37-22_27,0.5292010320706232,0.5518647307785256,0.6445087948027804
vis_2026-04-15_21-37-22_27,consolidated_memory,raw_memories,raw_memories/vis_2026-04-15_21-37-22_27,2026-04-15_21-37-22,1776260242.8085213,-0.04115619720346466,-0.37504637241363525,0.33481502532958984,1.0,None,False,None,False,vis_2026-04-15_21-37-22_26,vis_2026-04-15_21-37-23_28,0.5054667307363803,0.5524934422136839,0.6627626878676488
vis_2026-04-15_21-37-23_28,consolidated_memory,raw_memories,raw_memories/vis_2026-04-15_21-37-23_28,2026-04-15_21-37-23,1776260243.3921187,-0.04218478453930906,-0.3365687131881714,0.24259376525878906,1.0,None,False,None,False,vis_2026-04-15_21-37-22_27,vis_2026-04-15_21-37-24_29,0.5334080185282787,0.5759954911872143,0.6194393270545028
vis_2026-04-15_21-37-24_29,consolidated_memory,raw_memories,raw_memories/vis_2026-04-15_21-37-24_29,2026-04-15_21-37-24,1776260244.4689703,0.02335345551251107,-0.35868361592292786,10.68259334564209,1.0,None,False,None,False,vis_2026-04-15_21-37-23_28,vis_2026-04-15_21-37-25_30,0.5852537870272281,0.5949605315061025,0.5509083142595183
vis_2026-04-15_21-37-25_30,consolidated_memory,raw_memories,raw_memories/vis_2026-04-15_21-37-25_30,2026-04-15_21-37-25,1776260245.0111735,0.05456265633797561,-0.10442148894071579,7.29888916015625,1.1,None,False,None,False,vis_2026-04-15_21-37-24_29,vis_2026-04-15_21-37-25_31,0.5462476854804688,0.5850642273890918,0.5994274901410811
vis_2026-04-15_21-37-25_31,consolidated_memory,raw_memories,raw_memories/vis_2026-04-15_21-37-25_31,2026-04-15_21-37-25,1776260245.5589337,0.02019650763382697,0.09986446797847748,12.240741729736328,1.0,None,False,None,False,vis_2026-04-15_21-37-25_30,vis_2026-04-15_21-37-26_32,0.5808200562446963,0.5830203002209918,0.5680980476943502
vis_2026-04-15_21-37-26_32,consolidated_memory,raw_memories,raw_memories/vis_2026-04-15_21-37-26_32,2026-04-15_21-37-26,1776260246.2665846,0.00026662441332595883,0.04007928818464279,5.851108551025391,1.0,None,False,None,False,vis_2026-04-15_21-37-25_31,vis_2026-04-15_21-37-27_33,0.5808474088948415,0.5730918444701248,0.5780847908239578
vis_2026-04-15_21-37-27_33,consolidated_memory,raw_memories,raw_memories/vis_2026-04-15_21-37-27_33,2026-04-15_21-37-27,1776260247.1856315,-0.011989646041401025,-0.11091257631778717,4.608890533447266,1.0,None,False,None,False,vis_2026-04-15_21-37-26_32,vis_2026-04-15_21-37-29_34,0.5806093747635399,0.5773773105894958,0.5740454643607351
vis_2026-04-15_21-37-29_34,consolidated_memory,raw_memories,raw_memories/vis_2026-04-15_21-37-29_34,2026-04-15_21-37-29,1776260249.0891058,0.8033009366672348,0.02801164984703064,2.4003677368164062,1.1,aud_2026-04-15_21-37-29_15,True,None,False,vis_2026-04-15_21-37-27_33,vis_2026-04-15_21-37-45_35,0.5814164777932347,0.5755905895418487,0.5750220453003312
vis_2026-04-15_21-37-45_35,consolidated_memory,raw_memories,raw_memories/vis_2026-04-15_21-37-45_35,2026-04-15_21-37-45,1776260265.0494914,0.311359021501597,0.20346488058567047,3.0403709411621094,1.0,None,False,None,False,vis_2026-04-15_21-37-29_34,vis_2026-04-15_21-37-46_36,0.5778500448581648,0.5716250442834527,0.5825239346201643
vis_2026-04-15_21-37-46_36,consolidated_memory,raw_memories,raw_memories/vis_2026-04-15_21-37-46_36,2026-04-15_21-37-46,1776260266.034656,0.28743157940393754,0.1375889629125595,5.54888916015625,1.0,None,False,None,False,vis_2026-04-15_21-37-45_35,vis_2026-04-15_21-37-46_37,0.5813466096289142,0.570766985388971,0.5798803047724186
vis_2026-04-15_21-37-46_37,consolidated_memory,raw_memories,raw_memories/vis_2026-04-15_21-37-46_37,2026-04-15_21-37-46,1776260266.6269891,0.20925145566025433,0.07788251340389252,2.6696300506591797,1.0,None,False,None,False,vis_2026-04-15_21-37-46_36,vis_2026-04-15_21-37-47_38,0.5803197565760361,0.5703013113326759,0.5813651128333731
vis_2026-04-15_21-37-47_38,consolidated_memory,raw_memories,raw_memories/vis_2026-04-15_21-37-47_38,2026-04-15_21-37-47,1776260267.5962286,-0.037168899723983795,0.04269692301750183,1.1500015258789062,1.0,None,False,None,False,vis_2026-04-15_21-37-46_37,vis_2026-04-15_21-37-48_39,0.5815124317771283,0.5709603971102543,0.5795235255107003
vis_2026-04-15_21-37-48_39,consolidated_memory,raw_memories,raw_memories/vis_2026-04-15_21-37-48_39,2026-04-15_21-37-48,1776260268.424344,-0.13774997520226695,-0.481525719165802,2.425558090209961,1.0,None,False,None,False,vis_2026-04-15_21-37-47_38,vis_2026-04-15_21-37-49_40,0.5787801522642001,0.571137401698417,0.5820786920393242
vis_2026-04-15_21-37-49_40,consolidated_memory,raw_memories,raw_memories/vis_2026-04-15_21-37-49_40,2026-04-15_21-37-49,1776260269.59387,-0.11730869626944292,-0.012765490449965,0.4414787292480469,1.0,aud_2026-04-15_21-37-49_25,True,None,False,vis_2026-04-15_21-37-48_39,vis_2026-04-15_21-37-56_41,0.5790521112885385,0.5734560241601971,0.5795229423988887
vis_2026-04-15_21-37-56_41,consolidated_memory,raw_memories,raw_memories/vis_2026-04-15_21-37-56_41,2026-04-15_21-37-56,1776260276.4985697,-0.03712250646581037,-0.29343149065971375,1.4762954711914062,1.1,None,False,None,False,vis_2026-04-15_21-37-49_40,vis_2026-04-15_21-37-57_42,0.5574508297322062,0.5850121917016277,0.5890749595690966
vis_2026-04-15_21-37-57_42,consolidated_memory,raw_memories,raw_memories/vis_2026-04-15_21-37-57_42,2026-04-15_21-37-57,1776260277.1548324,0.058122424562986136,-0.04268120974302292,3.3174057006835938,1.0,None,False,None,False,vis_2026-04-15_21-37-56_41,vis_2026-04-15_21-37-57_43,0.5615482725049561,0.5833868867236736,0.5867906594736825
vis_2026-04-15_21-37-57_43,consolidated_memory,raw_memories,raw_memories/vis_2026-04-15_21-37-57_43,2026-04-15_21-37-57,1776260277.795574,0.19078043006149828,-0.015103593468666077,2.1522216796875,1.0,None,False,None,False,vis_2026-04-15_21-37-57_42,vis_2026-04-15_21-37-59_44,0.5391563535470347,0.5901409509857465,0.6008694403940873
vis_2026-04-15_21-37-59_44,consolidated_memory,raw_memories,raw_memories/vis_2026-04-15_21-37-59_44,2026-04-15_21-37-59,1776260279.214529,0.15702411789412157,0.11054276674985886,5.824074745178223,1.0,None,False,None,False,vis_2026-04-15_21-37-57_43,vis_2026-04-15_21-37-59_45,0.5784282336317467,0.5771561668565358,0.5764646889421138
vis_2026-04-15_21-37-59_45,consolidated_memory,raw_memories,raw_memories/vis_2026-04-15_21-37-59_45,2026-04-15_21-37-59,1776260279.7393925,0.488731982616716,0.13267964124679565,11.397403717041016,1.0,None,False,None,False,vis_2026-04-15_21-37-59_44,vis_2026-04-15_21-38-00_46,0.5717622602775019,0.5775391876070926,0.5826975240212555
vis_2026-04-15_21-38-00_46,consolidated_memory,raw_memories,raw_memories/vis_2026-04-15_21-38-00_46,2026-04-15_21-38-00,1776260280.355001,0.09816608810297955,0.04542716592550278,11.438518524169922,1.0,None,False,None,False,vis_2026-04-15_21-37-59_45,vis_2026-04-15_21-38-00_47,0.609823186450103,0.5120223372692255,0.6049370276361022
vis_2026-04-15_21-38-00_47,consolidated_memory,raw_memories,raw_memories/vis_2026-04-15_21-38-00_47,2026-04-15_21-38-00,1776260280.9632802,0.25630308369445937,0.020307673141360283,0.5451850891113281,1.1,None,False,None,False,vis_2026-04-15_21-38-00_46,vis_2026-04-15_21-38-01_48,0.6122982014878172,0.5391654377098647,0.5782659796615346
vis_2026-04-15_21-38-01_48,consolidated_memory,raw_memories,raw_memories/vis_2026-04-15_21-38-01_48,2026-04-15_21-38-01,1776260281.6697214,-0.0007083666157479478,-0.20286592841148376,12.055185317993164,1.0,None,False,None,False,vis_2026-04-15_21-38-00_47,vis_2026-04-15_21-38-02_49,0.6585845132907385,0.5217657673283819,0.5422424945518617
vis_2026-04-15_21-38-02_49,consolidated_memory,raw_memories,raw_memories/vis_2026-04-15_21-38-02_49,2026-04-15_21-38-02,1776260282.2391927,0.21469181750723215,-0.0774158388376236,6.583333969116211,1.1,None,False,None,False,vis_2026-04-15_21-38-01_48,vis_2026-04-15_21-38-02_50,0.6022357340692909,0.560205122516386,0.568755080255485
vis_2026-04-15_21-38-02_50,consolidated_memory,raw_memories,raw_memories/vis_2026-04-15_21-38-02_50,2026-04-15_21-38-02,1776260282.7771397,0.7418704587567736,0.3683357834815979,9.88888931274414,1.0,None,False,None,False,vis_2026-04-15_21-38-02_49,vis_2026-04-15_21-38-04_51,0.615577865581669,0.5637801848332201,0.5506503378690841
vis_2026-04-15_21-38-04_51,consolidated_memory,raw_memories,raw_memories/vis_2026-04-15_21-38-04_51,2026-04-15_21-38-04,1776260284.353445,0.08491643361637127,-0.2832109332084656,1.0225944519042969,1.0,None,False,None,False,vis_2026-04-15_21-38-02_50,vis_2026-04-15_21-38-06_52,0.6033116191284359,0.570061306284039,0.5577142613403033
vis_2026-04-15_21-38-06_52,consolidated_memory,raw_memories,raw_memories/vis_2026-04-15_21-38-06_52,2026-04-15_21-38-06,1776260286.901333,0.4069760386783156,-0.8937093019485474,8.498517990112305,1.0,None,False,None,False,vis_2026-04-15_21-38-04_51,vis_2026-04-15_21-38-07_53,0.60785048097738,0.5724165839751654,0.5503244926093789
vis_2026-04-15_21-38-07_53,consolidated_memory,raw_memories,raw_memories/vis_2026-04-15_21-38-07_53,2026-04-15_21-38-07,1776260287.7712152,0.4660157787704535,0.5980033874511719,0.49111175537109375,1.0,None,False,None,False,vis_2026-04-15_21-38-06_52,vis_2026-04-15_21-38-10_54,0.6168746763047943,0.5675826036604757,0.5452665602765774
vis_2026-04-15_21-38-10_54,consolidated_memory,raw_memories,raw_memories/vis_2026-04-15_21-38-10_54,2026-04-15_21-38-10,1776260290.5089843,0.016686471021703474,0.013853687793016434,4.2133331298828125,1.0,None,False,None,False,vis_2026-04-15_21-38-07_53,vis_2026-04-15_21-38-11_55,0.6048074226839267,0.5679661590252151,0.5582315143993305
vis_2026-04-15_21-38-11_55,consolidated_memory,raw_memories,raw_memories/vis_2026-04-15_21-38-11_55,2026-04-15_21-38-11,1776260291.0529716,-0.15719081453082498,0.005068478174507618,3.7266693115234375,1.0,None,False,None,False,vis_2026-04-15_21-38-10_54,vis_2026-04-15_21-38-11_56,0.6067136667298866,0.5682202607132438,0.5558995070317561
vis_2026-04-15_21-38-11_56,consolidated_memory,raw_memories,raw_memories/vis_2026-04-15_21-38-11_56,2026-04-15_21-38-11,1776260291.8049662,-0.14932423042289653,0.3441886603832245,0.491851806640625,1.0,None,False,None,False,vis_2026-04-15_21-38-11_55,vis_2026-04-15_21-38-15_57,0.602763989490488,0.5668221325878293,0.5615943758462117
vis_2026-04-15_21-38-15_57,consolidated_memory,raw_memories,raw_memories/vis_2026-04-15_21-38-15_57,2026-04-15_21-38-15,1776260295.4487278,-0.061866361132290104,-0.06428558379411697,9.927780151367188,1.0,None,False,None,False,vis_2026-04-15_21-38-11_56,vis_2026-04-15_21-38-17_58,0.5917884024302084,0.5695804509176592,0.5704073953601387
vis_2026-04-15_21-38-17_58,consolidated_memory,raw_memories,raw_memories/vis_2026-04-15_21-38-17_58,2026-04-15_21-38-17,1776260297.738624,-0.03484148096078954,0.017360033467411995,3.4840736389160156,1.1,None,False,None,False,vis_2026-04-15_21-38-15_57,None,0.6014885638906555,0.569664936337722,0.5600833579174587
vis_2026-04-15_21-38-57_0,consolidated_memory,raw_memories,raw_memories/vis_2026-04-15_21-38-57_0,2026-04-15_21-38-57,1776260337.5052447,0.0,0.046280667185783386,8.487035751342773,1.0,aud_2026-04-15_21-38-58_0,True,None,False,None,vis_2026-04-15_21-38-58_1,0.5946054497493583,0.5733834890687329,0.5636273002541037
vis_2026-04-15_21-38-58_1,consolidated_memory,raw_memories,raw_memories/vis_2026-04-15_21-38-58_1,2026-04-15_21-38-58,1776260338.0148242,0.13325641071787794,0.8789878487586975,1.0574073791503906,1.0,aud_2026-04-15_21-38-58_0,True,None,False,vis_2026-04-15_21-38-57_0,vis_2026-04-15_21-38-59_2,0.6056278793470641,0.5668804038515365,0.5584455922349973
vis_2026-04-15_21-38-59_2,consolidated_memory,raw_memories,raw_memories/vis_2026-04-15_21-38-59_2,2026-04-15_21-38-59,1776260339.87767,-0.01113497951568824,0.05092974752187729,8.2177734375,1.0,None,False,None,False,vis_2026-04-15_21-38-58_1,vis_2026-04-15_21-39-00_3,0.599773248935419,0.5670023047711367,0.5646064436806145
vis_2026-04-15_21-39-00_3,consolidated_memory,raw_memories,raw_memories/vis_2026-04-15_21-39-00_3,2026-04-15_21-39-00,1776260340.492394,0.03874164795083498,-0.12761156260967255,0.08148193359375,1.1,None,False,None,False,vis_2026-04-15_21-38-59_2,vis_2026-04-15_21-39-01_4,0.6039760130966767,0.5652903965131661,0.5618360465596973
vis_2026-04-15_21-39-01_4,consolidated_memory,raw_memories,raw_memories/vis_2026-04-15_21-39-01_4,2026-04-15_21-39-01,1776260341.119104,-0.018313478319674618,-0.12150594592094421,2.107776641845703,1.0,None,False,None,False,vis_2026-04-15_21-39-00_3,vis_2026-04-15_21-39-01_5,0.6013613529099545,0.5665586864600517,0.5633611435153917
vis_2026-04-15_21-39-01_5,consolidated_memory,raw_memories,raw_memories/vis_2026-04-15_21-39-01_5,2026-04-15_21-39-01,1776260341.7017574,0.05175860182274252,-0.1083403080701828,3.4407386779785156,1.0,aud_2026-04-15_21-39-02_1,True,None,False,vis_2026-04-15_21-39-01_4,vis_2026-04-15_21-39-02_6,0.6062052888962257,0.5648487073267913,0.5598759554986233
vis_2026-04-15_21-39-02_6,consolidated_memory,raw_memories,raw_memories/vis_2026-04-15_21-39-02_6,2026-04-15_21-39-02,1776260342.2532046,0.012303873939675549,0.7699780464172363,4.662590026855469,1.0,None,False,None,False,vis_2026-04-15_21-39-01_5,vis_2026-04-15_21-39-07_7,0.5974344132341491,0.5703582138587094,0.5637052685291051
vis_2026-04-15_21-39-07_7,consolidated_memory,raw_memories,raw_memories/vis_2026-04-15_21-39-07_7,2026-04-15_21-39-07,1776260347.5421672,-0.027216742266875867,-0.15413103997707367,0.17629629373550415,1.0,None,False,None,False,vis_2026-04-15_21-39-02_6,vis_2026-04-15_21-39-08_8,0.6079932973640205,0.5653709203327012,0.5574045862769522
vis_2026-04-15_21-39-08_8,consolidated_memory,raw_memories,raw_memories/vis_2026-04-15_21-39-08_8,2026-04-15_21-39-08,1776260348.2320573,-0.02631038109761375,-0.15001727640628815,6.832592010498047,1.0,aud_2026-04-15_21-39-09_4,True,None,False,vis_2026-04-15_21-39-07_7,vis_2026-04-15_21-39-08_9,0.629398400524283,0.5604011763873097,0.5383383461366965
vis_2026-04-15_21-39-08_9,consolidated_memory,raw_memories,raw_memories/vis_2026-04-15_21-39-08_9,2026-04-15_21-39-08,1776260348.906111,-0.017114410255593637,1.0,5.755556106567383,1.0,aud_2026-04-15_21-39-09_4,True,None,False,vis_2026-04-15_21-39-08_8,vis_2026-04-15_21-39-09_10,0.6181446094517714,0.5629258413863352,0.5486453671591547
vis_2026-04-15_21-39-09_10,consolidated_memory,raw_memories,raw_memories/vis_2026-04-15_21-39-09_10,2026-04-15_21-39-09,1776260349.471327,0.04996780542298488,0.2903388440608978,1.211111068725586,1.0,None,False,None,False,vis_2026-04-15_21-39-08_9,vis_2026-04-15_21-39-10_11,0.6054900292732467,0.5699023061041095,0.5555116433954385
vis_2026-04-15_21-39-10_11,consolidated_memory,raw_memories,raw_memories/vis_2026-04-15_21-39-10_11,2026-04-15_21-39-10,1776260350.8520443,-0.013589334301056744,-0.11222421377897263,4.486667633056641,1.0,None,False,None,False,vis_2026-04-15_21-39-09_10,vis_2026-04-15_21-39-12_12,0.6098512433303296,0.5719632564459963,0.5485795241203798
vis_2026-04-15_21-39-12_12,consolidated_memory,raw_memories,raw_memories/vis_2026-04-15_21-39-12_12,2026-04-15_21-39-12,1776260352.5707393,0.0542528570801161,0.4549387991428375,0.8903732299804688,1.0,aud_2026-04-15_21-39-13_5,True,None,False,vis_2026-04-15_21-39-10_11,vis_2026-04-15_21-39-13_13,0.6087192622343626,0.5638783010191067,0.5581237509949375
vis_2026-04-15_21-39-13_13,consolidated_memory,raw_memories,raw_memories/vis_2026-04-15_21-39-13_13,2026-04-15_21-39-13,1776260353.3251348,0.0007174906166167734,0.3442482352256775,6.225555419921875,1.1,None,False,None,False,vis_2026-04-15_21-39-12_12,vis_2026-04-15_21-39-15_14,0.5986862334389969,0.5689095528894162,0.563841036571294
vis_2026-04-15_21-39-15_14,consolidated_memory,raw_memories,raw_memories/vis_2026-04-15_21-39-15_14,2026-04-15_21-39-15,1776260355.0500145,-0.019919843052382105,-0.09957828372716904,1.26629638671875,1.0,None,False,None,False,vis_2026-04-15_21-39-13_13,vis_2026-04-15_21-39-15_15,0.5975917615088562,0.5530915036382044,0.5804945091729744
vis_2026-04-15_21-39-15_15,consolidated_memory,raw_memories,raw_memories/vis_2026-04-15_21-39-15_15,2026-04-15_21-39-15,1776260355.7808928,-0.01880721177042556,-0.06897860765457153,7.537406921386719,1.1,None,False,None,False,vis_2026-04-15_21-39-15_14,vis_2026-04-15_21-39-16_16,0.5935704488874055,0.5738864915338846,0.5642060058547166
vis_2026-04-15_21-39-16_16,consolidated_memory,raw_memories,raw_memories/vis_2026-04-15_21-39-16_16,2026-04-15_21-39-16,1776260356.707786,-0.020008612665502516,-0.11058125644922256,5.069629669189453,1.0,None,False,None,False,vis_2026-04-15_21-39-15_15,vis_2026-04-15_21-39-17_17,0.5955862606718239,0.5688425034145493,0.5671818160061399
vis_2026-04-15_21-39-17_17,consolidated_memory,raw_memories,raw_memories/vis_2026-04-15_21-39-17_17,2026-04-15_21-39-17,1776260357.888858,0.004726263476321893,0.6422542333602905,1.1829605102539062,1.0,aud_2026-04-15_21-39-18_6,True,None,False,vis_2026-04-15_21-39-16_16,vis_2026-04-15_21-39-21_18,0.5966528725076837,0.5693265490018515,0.5655728337977098
vis_2026-04-15_21-39-21_18,consolidated_memory,raw_memories,raw_memories/vis_2026-04-15_21-39-21_18,2026-04-15_21-39-21,1776260361.411984,-0.011434586703142421,-0.022002562880516052,3.3174057006835938,1.0,None,False,None,False,vis_2026-04-15_21-39-17_17,vis_2026-04-15_21-39-21_19,0.5943133855184004,0.5702276736464332,0.5671260882744102
vis_2026-04-15_21-39-21_19,consolidated_memory,raw_memories,raw_memories/vis_2026-04-15_21-39-21_19,2026-04-15_21-39-21,1776260361.955615,-0.007638331492859863,0.03602730855345726,9.596668243408203,1.0,None,False,None,False,vis_2026-04-15_21-39-21_18,vis_2026-04-15_21-39-22_20,0.593192513672715,0.5694851418666704,0.5690424544054197
vis_2026-04-15_21-39-22_20,consolidated_memory,raw_memories,raw_memories/vis_2026-04-15_21-39-22_20,2026-04-15_21-39-22,1776260362.6377647,-0.01563397640825373,-0.07169705629348755,0.4244422912597656,1.0,None,False,None,False,vis_2026-04-15_21-39-21_19,vis_2026-04-15_21-39-23_21,0.5978055328261924,0.571055124325848,0.562605181191555
vis_2026-04-15_21-39-23_21,consolidated_memory,raw_memories,raw_memories/vis_2026-04-15_21-39-23_21,2026-04-15_21-39-23,1776260363.2394128,-0.022473917359754535,-0.10541557520627975,3.182962417602539,1.0,None,False,None,False,vis_2026-04-15_21-39-22_20,vis_2026-04-15_21-39-24_22,0.45207921853966876,0.6199460673964747,0.6413199308334397
vis_2026-04-15_21-39-24_22,consolidated_memory,raw_memories,raw_memories/vis_2026-04-15_21-39-24_22,2026-04-15_21-39-24,1776260364.537405,0.012564355409414458,0.4853101968765259,0.8311100006103516,1.0,None,False,None,False,vis_2026-04-15_21-39-23_21,vis_2026-04-15_21-39-26_23,0.5983856665411414,0.5867981336281093,0.5455295999748149
vis_2026-04-15_21-39-26_23,consolidated_memory,raw_memories,raw_memories/vis_2026-04-15_21-39-26_23,2026-04-15_21-39-26,1776260366.5317473,-0.01951306487237692,-0.11156836897134781,2.922222137451172,1.0,None,False,None,False,vis_2026-04-15_21-39-24_22,vis_2026-04-15_21-39-27_24,0.5961425669700218,0.585941654275212,0.5488956345532554
vis_2026-04-15_21-39-27_24,consolidated_memory,raw_memories,raw_memories/vis_2026-04-15_21-39-27_24,2026-04-15_21-39-27,1776260367.2802846,-0.017814907235477965,-0.06857182830572128,12.006664276123047,1.0,None,False,None,False,vis_2026-04-15_21-39-26_23,vis_2026-04-15_21-39-27_25,0.5902743380018503,0.5782183475097237,0.5632404002729227
vis_2026-04-15_21-39-27_25,consolidated_memory,raw_memories,raw_memories/vis_2026-04-15_21-39-27_25,2026-04-15_21-39-27,1776260367.8245063,-0.011903158092408361,0.026676582172513008,14.324443817138672,1.0,None,False,None,False,vis_2026-04-15_21-39-27_24,vis_2026-04-15_21-39-28_26,0.6063136070335918,0.5827838284810972,0.5410608276218399
vis_2026-04-15_21-39-28_26,consolidated_memory,raw_memories,raw_memories/vis_2026-04-15_21-39-28_26,2026-04-15_21-39-28,1776260368.428041,-0.00872666540490348,0.20006105303764343,6.2729644775390625,1.0,None,False,None,False,vis_2026-04-15_21-39-27_25,vis_2026-04-15_21-39-29_27,0.5976197257026075,0.5906616496814701,0.5421895231805061
vis_2026-04-15_21-39-29_27,consolidated_memory,raw_memories,raw_memories/vis_2026-04-15_21-39-29_27,2026-04-15_21-39-29,1776260369.7137234,0.1183892715681507,-0.4069323241710663,3.9218521118164062,1.0,None,False,None,False,vis_2026-04-15_21-39-28_26,vis_2026-04-15_21-39-30_28,0.5925899811816668,0.5816018668089731,0.5572938028790821
vis_2026-04-15_21-39-30_28,consolidated_memory,raw_memories,raw_memories/vis_2026-04-15_21-39-30_28,2026-04-15_21-39-30,1776260370.2726748,0.0320736540324604,-0.20723575353622437,5.661857604980469,1.0,None,False,None,False,vis_2026-04-15_21-39-29_27,vis_2026-04-15_21-39-30_29,0.5966394856851294,0.5789927202673785,0.5556876406748359
vis_2026-04-15_21-39-30_29,consolidated_memory,raw_memories,raw_memories/vis_2026-04-15_21-39-30_29,2026-04-15_21-39-30,1776260370.7765641,0.010736855212369842,-0.014364348724484444,5.9962921142578125,1.1,None,False,None,False,vis_2026-04-15_21-39-30_28,vis_2026-04-15_21-39-31_30,0.5954469802453054,0.5782073128562387,0.5577805994083289
vis_2026-04-15_21-39-31_30,consolidated_memory,raw_memories,raw_memories/vis_2026-04-15_21-39-31_30,2026-04-15_21-39-31,1776260371.3332503,0.06672934259658952,-0.20642101764678955,6.2066650390625,1.0,None,False,None,False,vis_2026-04-15_21-39-30_29,vis_2026-04-15_21-39-32_31,0.5975938566702413,0.5766794083213039,0.5570659229284968
vis_2026-04-15_21-39-32_31,consolidated_memory,raw_memories,raw_memories/vis_2026-04-15_21-39-32_31,2026-04-15_21-39-32,1776260372.1918519,-0.0019877016233705207,-0.129892036318779,0.725555419921875,1.1,None,False,None,False,vis_2026-04-15_21-39-31_30,vis_2026-04-15_21-39-32_32,0.6322352279901706,0.5411054312898695,0.5545119734656966
vis_2026-04-15_21-39-32_32,consolidated_memory,raw_memories,raw_memories/vis_2026-04-15_21-39-32_32,2026-04-15_21-39-32,1776260372.7985585,0.06746450548247342,-0.11782024055719376,0.1644444465637207,1.0,None,False,None,False,vis_2026-04-15_21-39-32_31,vis_2026-04-15_21-39-33_33,0.6240023482367252,0.5649338501116526,0.539880370446155
vis_2026-04-15_21-39-33_33,consolidated_memory,raw_memories,raw_memories/vis_2026-04-15_21-39-33_33,2026-04-15_21-39-33,1776260373.349674,0.020031290098067877,-0.05936223268508911,15.768148422241211,1.0,None,False,None,False,vis_2026-04-15_21-39-32_32,vis_2026-04-15_21-39-35_34,0.6033438661259232,0.5695369246000181,0.5582148965455664
vis_2026-04-15_21-39-35_34,consolidated_memory,raw_memories,raw_memories/vis_2026-04-15_21-39-35_34,2026-04-15_21-39-35,1776260375.9571464,0.3525782515999683,0.8093505501747131,2.1759262084960938,1.0,aud_2026-04-15_21-39-36_11,True,None,False,vis_2026-04-15_21-39-33_33,vis_2026-04-15_21-39-38_35,0.6034890065773162,0.5457938545962179,0.5813003416697141
vis_2026-04-15_21-39-38_35,consolidated_memory,raw_memories,raw_memories/vis_2026-04-15_21-39-38_35,2026-04-15_21-39-38,1776260378.8216562,-0.006669539613001121,0.018966343253850937,3.723705291748047,1.0,None,False,None,False,vis_2026-04-15_21-39-35_34,vis_2026-04-15_21-39-41_36,0.6111651721864992,0.5465739109391432,0.5724806478711191
vis_2026-04-15_21-39-41_36,consolidated_memory,raw_memories,raw_memories/vis_2026-04-15_21-39-41_36,2026-04-15_21-39-41,1776260381.362671,-0.04241479079802735,-0.1801312118768692,10.463333129882812,1.0,None,False,None,False,vis_2026-04-15_21-39-38_35,vis_2026-04-15_21-39-41_37,0.6062315377402302,0.5474852361888364,0.5768390059664568
vis_2026-04-15_21-39-41_37,consolidated_memory,raw_memories,raw_memories/vis_2026-04-15_21-39-41_37,2026-04-15_21-39-41,1776260381.8767936,-0.05712951454775286,-0.08815564960241318,11.618518829345703,1.0,None,False,None,False,vis_2026-04-15_21-39-41_36,vis_2026-04-15_21-39-43_38,0.6107516261008288,0.5440238019162544,0.5753438573268834
vis_2026-04-15_21-39-43_38,consolidated_memory,raw_memories,raw_memories/vis_2026-04-15_21-39-43_38,2026-04-15_21-39-43,1776260383.108147,-0.039315458714285725,-0.05071333795785904,1.3433341979980469,1.1,None,False,None,False,vis_2026-04-15_21-39-41_37,vis_2026-04-15_21-39-43_39,0.5952962724201762,0.5696938361321012,0.5666315214632291
vis_2026-04-15_21-39-43_39,consolidated_memory,raw_memories,raw_memories/vis_2026-04-15_21-39-43_39,2026-04-15_21-39-43,1776260383.8228922,-0.025985255851160814,-0.026509927585721016,2.45147705078125,1.0,None,False,None,False,vis_2026-04-15_21-39-43_38,vis_2026-04-15_21-39-44_40,0.5933211290160151,0.5714215954655424,0.5669633128331808
vis_2026-04-15_21-39-44_40,consolidated_memory,raw_memories,raw_memories/vis_2026-04-15_21-39-44_40,2026-04-15_21-39-44,1776260384.4635296,-0.019520105458819614,0.024856479838490486,8.661109924316406,1.1,None,False,None,False,vis_2026-04-15_21-39-43_39,vis_2026-04-15_21-39-45_41,0.5752774943686559,0.5786160606008801,0.5781515881562895
vis_2026-04-15_21-39-45_41,consolidated_memory,raw_memories,raw_memories/vis_2026-04-15_21-39-45_41,2026-04-15_21-39-45,1776260385.7862766,-0.009724605389277712,0.026471786201000214,2.921478271484375,1.1,None,False,None,False,vis_2026-04-15_21-39-44_40,vis_2026-04-15_21-39-46_42,0.5738170981577788,0.5788282727272115,0.5793891339621575
vis_2026-04-15_21-39-46_42,consolidated_memory,raw_memories,raw_memories/vis_2026-04-15_21-39-46_42,2026-04-15_21-39-46,1776260386.973772,-0.0030741750166435257,-0.03965868055820465,7.166667938232422,1.0,None,False,None,False,vis_2026-04-15_21-39-45_41,vis_2026-04-15_21-39-57_43,0.5740907310627517,0.5774639956181605,0.5804783943201886
vis_2026-04-15_21-39-57_43,consolidated_memory,raw_memories,raw_memories/vis_2026-04-15_21-39-57_43,2026-04-15_21-39-57,1776260397.3003879,0.0029630278163077536,0.253776490688324,3.518890380859375,1.0,aud_2026-04-15_21-39-58_23,True,None,False,vis_2026-04-15_21-39-46_42,vis_2026-04-15_21-39-59_44,0.6052093963907997,0.552291213804124,0.573320156348136
vis_2026-04-15_21-39-59_44,consolidated_memory,raw_memories,raw_memories/vis_2026-04-15_21-39-59_44,2026-04-15_21-39-59,1776260399.9856198,-0.010597270122141305,-0.06774135679006577,8.416664123535156,1.0,None,False,None,False,vis_2026-04-15_21-39-57_43,vis_2026-04-15_21-40-00_45,0.5967291663337805,0.558094138978211,0.5765806397068501
vis_2026-04-15_21-40-00_45,consolidated_memory,raw_memories,raw_memories/vis_2026-04-15_21-40-00_45,2026-04-15_21-40-00,1776260400.5816247,-0.011829768939847747,-0.04457389935851097,6.23333740234375,1.1,None,False,None,False,vis_2026-04-15_21-39-59_44,vis_2026-04-15_21-40-01_46,0.5980933089607942,0.5569952932074272,0.5762296739331464
vis_2026-04-15_21-40-01_46,consolidated_memory,raw_memories,raw_memories/vis_2026-04-15_21-40-01_46,2026-04-15_21-40-01,1776260401.765935,-0.016913091973852802,-0.09729431569576263,4.055183410644531,1.0,None,False,None,False,vis_2026-04-15_21-40-00_45,vis_2026-04-15_21-40-02_47,0.5943683525921689,0.5592138584141726,0.5779326275565387
vis_2026-04-15_21-40-02_47,consolidated_memory,raw_memories,raw_memories/vis_2026-04-15_21-40-02_47,2026-04-15_21-40-02,1776260402.5092878,-0.0271932393896053,-0.1872960776090622,9.564445495605469,1.0,None,False,None,False,vis_2026-04-15_21-40-01_46,vis_2026-04-15_21-40-03_48,0.5975737009023693,0.5604129132563159,0.5734483748738106
vis_2026-04-15_21-40-03_48,consolidated_memory,raw_memories,raw_memories/vis_2026-04-15_21-40-03_48,2026-04-15_21-40-03,1776260403.3421812,0.021099749429898472,0.5437316298484802,3.5766677856445312,1.0,None,False,None,False,vis_2026-04-15_21-40-02_47,vis_2026-04-15_21-40-16_49,0.5921746847923155,0.5582702416100798,0.5810881860989303
vis_2026-04-15_21-40-16_49,consolidated_memory,raw_memories,raw_memories/vis_2026-04-15_21-40-16_49,2026-04-15_21-40-16,1776260416.4854603,0.0018803750570970865,-0.06114779785275459,5.349628448486328,1.0,None,False,None,False,vis_2026-04-15_21-40-03_48,vis_2026-04-15_21-40-28_50,0.5885388631065106,0.5662158036869048,0.5770802979382406
vis_2026-04-15_21-40-28_50,consolidated_memory,raw_memories,raw_memories/vis_2026-04-15_21-40-28_50,2026-04-15_21-40-28,1776260428.227181,-0.00157513807546478,0.05404457077383995,1.5414810180664062,1.0,None,False,None,False,vis_2026-04-15_21-40-16_49,vis_2026-04-15_21-40-29_51,0.6015085112515283,0.556718580723561,0.5729327471607064
vis_2026-04-15_21-40-29_51,consolidated_memory,raw_memories,raw_memories/vis_2026-04-15_21-40-29_51,2026-04-15_21-40-29,1776260429.0106094,-0.005201076692494329,0.5533885955810547,5.9392547607421875,1.0,aud_2026-04-15_21-40-29_42,True,None,False,vis_2026-04-15_21-40-28_50,vis_2026-04-15_21-40-30_52,0.6001057204074209,0.5586011011015645,0.5725713354529811
vis_2026-04-15_21-40-30_52,consolidated_memory,raw_memories,raw_memories/vis_2026-04-15_21-40-30_52,2026-04-15_21-40-30,1776260430.7663531,-0.008212264273691315,-0.06544864922761917,2.9707412719726562,1.0,None,False,None,False,vis_2026-04-15_21-40-29_51,vis_2026-04-15_21-40-31_53,0.5786375237704853,0.5773275602543639,0.5760828970343634
vis_2026-04-15_21-40-31_53,consolidated_memory,raw_memories,raw_memories/vis_2026-04-15_21-40-31_53,2026-04-15_21-40-31,1776260431.311384,-0.018479278549892873,-0.13650184869766235,1.0492591857910156,1.0,None,False,None,False,vis_2026-04-15_21-40-30_52,vis_2026-04-15_21-40-32_54,0.5728123232272327,0.578903045398671,0.5803079409995736
vis_2026-04-15_21-40-32_54,consolidated_memory,raw_memories,raw_memories/vis_2026-04-15_21-40-32_54,2026-04-15_21-40-32,1776260432.017458,-0.02661796975247005,-0.1668185442686081,6.888889312744141,1.0,None,False,None,False,vis_2026-04-15_21-40-31_53,vis_2026-04-15_21-40-32_55,0.5728725635954527,0.5828395373934526,0.5762942820561037
vis_2026-04-15_21-40-32_55,consolidated_memory,raw_memories,raw_memories/vis_2026-04-15_21-40-32_55,2026-04-15_21-40-32,1776260432.6868703,0.04321895458148354,-0.22440102696418762,1.307037353515625,1.0,None,False,None,False,vis_2026-04-15_21-40-32_54,vis_2026-04-15_21-40-34_56,0.5336723907212578,0.5874162811942806,0.6083879452863438
vis_2026-04-15_21-40-34_56,consolidated_memory,raw_memories,raw_memories/vis_2026-04-15_21-40-34_56,2026-04-15_21-40-34,1776260434.0102549,-0.014953215066739254,-0.18183472752571106,15.460739135742188,1.0,None,False,None,False,vis_2026-04-15_21-40-32_55,vis_2026-04-15_21-40-34_57,0.5521366961350151,0.5890051850789081,0.5900999582539143
vis_2026-04-15_21-40-34_57,consolidated_memory,raw_memories,raw_memories/vis_2026-04-15_21-40-34_57,2026-04-15_21-40-34,1776260434.6367283,0.052049952836823184,-0.3264128863811493,3.1807403564453125,1.0,None,False,None,False,vis_2026-04-15_21-40-34_56,vis_2026-04-15_21-40-35_58,0.5764060942659769,0.5872524139153997,0.568234649457051
vis_2026-04-15_21-40-35_58,consolidated_memory,raw_memories,raw_memories/vis_2026-04-15_21-40-35_58,2026-04-15_21-40-35,1776260435.2863626,0.010646152099011095,-0.1862448751926422,0.1848163604736328,1.0,None,False,None,False,vis_2026-04-15_21-40-34_57,vis_2026-04-15_21-40-36_59,0.5762630571535021,0.5760756738974885,0.5797048446439396
vis_2026-04-15_21-40-36_59,consolidated_memory,raw_memories,raw_memories/vis_2026-04-15_21-40-36_59,2026-04-15_21-40-36,1776260436.2514815,-0.02571075123682036,-0.2883557677268982,2.4992599487304688,1.1,None,False,None,False,vis_2026-04-15_21-40-35_58,vis_2026-04-15_21-40-36_60,0.5798868443537863,0.5806605927561932,0.5714582432386762
vis_2026-04-15_21-40-36_60,consolidated_memory,raw_memories,raw_memories/vis_2026-04-15_21-40-36_60,2026-04-15_21-40-36,1776260436.7675319,-0.016740074374455058,-0.13228283822536469,11.895556449890137,1.0,None,False,None,False,vis_2026-04-15_21-40-36_59,vis_2026-04-15_21-40-37_61,0.5561481869942301,0.5907581297915786,0.5845545536459256
vis_2026-04-15_21-40-37_61,consolidated_memory,raw_memories,raw_memories/vis_2026-04-15_21-40-37_61,2026-04-15_21-40-37,1776260437.3336077,0.34388621335446634,0.046184197068214417,7.513704299926758,1.0,None,False,None,False,vis_2026-04-15_21-40-36_60,vis_2026-04-15_21-40-37_62,0.4963978746279775,0.6070810396125496,0.6205173336884092
vis_2026-04-15_21-40-37_62,consolidated_memory,raw_memories,raw_memories/vis_2026-04-15_21-40-37_62,2026-04-15_21-40-37,1776260437.8889673,0.1053688610425656,0.03026406094431877,2.709259033203125,1.1,None,False,None,False,vis_2026-04-15_21-40-37_61,vis_2026-04-15_21-40-39_63,0.4747822764628368,0.5943492668457528,0.6490999452755197
vis_2026-04-15_21-40-39_63,consolidated_memory,raw_memories,raw_memories/vis_2026-04-15_21-40-39_63,2026-04-15_21-40-39,1776260439.1172433,-0.062181059770069116,-0.3150225877761841,1.9651870727539062,1.0,None,False,None,False,vis_2026-04-15_21-40-37_62,vis_2026-04-15_21-40-40_64,0.48555524706159137,0.5919977261379827,0.6432532893801747
vis_2026-04-15_21-40-40_64,consolidated_memory,raw_memories,raw_memories/vis_2026-04-15_21-40-40_64,2026-04-15_21-40-40,1776260440.2954788,-0.04447744279990499,-0.13048717379570007,9.834074020385742,1.0,None,False,None,False,vis_2026-04-15_21-40-39_63,vis_2026-04-15_21-40-40_65,0.48807924472155756,0.5906735764233391,0.6425600181985304
vis_2026-04-15_21-40-40_65,consolidated_memory,raw_memories,raw_memories/vis_2026-04-15_21-40-40_65,2026-04-15_21-40-40,1776260440.9242928,-0.03324751301278673,-0.09044168144464493,2.3448143005371094,1.2000000000000002,None,False,None,False,vis_2026-04-15_21-40-40_64,vis_2026-04-15_21-40-41_66,0.48967796001879466,0.5904663677052864,0.6415332914828017
vis_2026-04-15_21-40-41_66,consolidated_memory,raw_memories,raw_memories/vis_2026-04-15_21-40-41_66,2026-04-15_21-40-41,1776260441.6217027,-0.035175901001523784,-0.17500898241996765,1.5507392883300781,1.0,None,False,None,False,vis_2026-04-15_21-40-40_65,vis_2026-04-15_21-40-42_67,0.4822157309589246,0.5917910390389796,0.6459499631774237
vis_2026-04-15_21-40-42_67,consolidated_memory,raw_memories,raw_memories/vis_2026-04-15_21-40-42_67,2026-04-15_21-40-42,1776260442.94782,0.10342696617864436,0.005781941581517458,4.346294403076172,1.0,None,False,None,False,vis_2026-04-15_21-40-41_66,vis_2026-04-15_21-40-43_68,0.4847356643478977,0.60265387687141,0.6339082271126175
vis_2026-04-15_21-40-43_68,consolidated_memory,raw_memories,raw_memories/vis_2026-04-15_21-40-43_68,2026-04-15_21-40-43,1776260443.7166255,-0.013206599416370432,-0.031574539840221405,1.4074058532714844,1.0,None,False,None,False,vis_2026-04-15_21-40-42_67,vis_2026-04-15_21-40-44_69,0.539082166255111,0.6192664443925843,0.570876071380701
vis_2026-04-15_21-40-44_69,consolidated_memory,raw_memories,raw_memories/vis_2026-04-15_21-40-44_69,2026-04-15_21-40-44,1776260444.2448575,-0.03810573032745437,-0.10853391140699387,1.4662971496582031,1.0,None,False,None,False,vis_2026-04-15_21-40-43_68,vis_2026-04-15_21-40-45_70,0.5605674182163838,0.6352483624526959,0.5312472942381788
vis_2026-04-15_21-40-45_70,consolidated_memory,raw_memories,raw_memories/vis_2026-04-15_21-40-45_70,2026-04-15_21-40-45,1776260445.6944797,-0.05155303793550176,-0.2818249464035034,0.6800003051757812,1.0,None,False,None,False,vis_2026-04-15_21-40-44_69,vis_2026-04-15_21-40-46_71,0.5708104602504709,0.6379965174001174,0.5168518765119919
vis_2026-04-15_21-40-46_71,consolidated_memory,raw_memories,raw_memories/vis_2026-04-15_21-40-46_71,2026-04-15_21-40-46,1776260446.4508772,-0.03489649267890243,-0.1649412363767624,16.529258728027344,1.0,None,False,None,False,vis_2026-04-15_21-40-45_70,vis_2026-04-15_21-40-47_72,0.5613525136127713,0.6406748271631597,0.5238502851961416
vis_2026-04-15_21-40-47_72,consolidated_memory,raw_memories,raw_memories/vis_2026-04-15_21-40-47_72,2026-04-15_21-40-47,1776260447.5594988,-0.0159805577065767,0.01736237294971943,17.35259437561035,1.0,None,False,None,False,vis_2026-04-15_21-40-46_71,vis_2026-04-15_21-40-48_73,0.5687869739162129,0.5794690120617556,0.5836925923492693
vis_2026-04-15_21-40-48_73,consolidated_memory,raw_memories,raw_memories/vis_2026-04-15_21-40-48_73,2026-04-15_21-40-48,1776260448.0669565,-0.018538651530402177,-0.023018188774585724,5.654443740844727,1.1,None,False,None,False,vis_2026-04-15_21-40-47_72,vis_2026-04-15_21-40-49_74,0.5965060213724607,0.5810108083625224,0.5537210552546523
vis_2026-04-15_21-40-49_74,consolidated_memory,raw_memories,raw_memories/vis_2026-04-15_21-40-49_74,2026-04-15_21-40-49,1776260449.2172713,0.14330135275013164,0.41092756390571594,3.2751846313476562,1.0,aud_2026-04-15_21-40-49_44,True,None,False,vis_2026-04-15_21-40-48_73,vis_2026-04-15_21-40-52_75,0.6031364069806509,0.5578176128677429,0.5701455825918531
vis_2026-04-15_21-40-52_75,consolidated_memory,raw_memories,raw_memories/vis_2026-04-15_21-40-52_75,2026-04-15_21-40-52,1776260452.0046926,-0.009038275187987659,-0.14303913712501526,0.0529632568359375,1.0,None,False,None,False,vis_2026-04-15_21-40-49_74,vis_2026-04-15_21-40-52_76,0.5820813534589772,0.5754587913517273,0.5744810505241879
vis_2026-04-15_21-40-52_76,consolidated_memory,raw_memories,raw_memories/vis_2026-04-15_21-40-52_76,2026-04-15_21-40-52,1776260452.5089366,-0.02548408510673153,-0.24097073078155518,0.8274078369140625,1.1,None,False,None,False,vis_2026-04-15_21-40-52_75,vis_2026-04-15_21-40-53_77,0.5849993747529887,0.5725289559913208,0.5744443629195961
vis_2026-04-15_21-40-53_77,consolidated_memory,raw_memories,raw_memories/vis_2026-04-15_21-40-53_77,2026-04-15_21-40-53,1776260453.2349617,-0.03212347751383512,-0.265426367521286,5.204442977905273,1.0,None,False,None,False,vis_2026-04-15_21-40-52_76,vis_2026-04-15_21-40-58_78,0.5823534433068004,0.573477604104856,0.5761839156544266
vis_2026-04-15_21-40-58_78,consolidated_memory,raw_memories,raw_memories/vis_2026-04-15_21-40-58_78,2026-04-15_21-40-58,1776260458.8132875,-0.0008136625145506963,0.08989593386650085,0.6514816284179688,1.1,aud_2026-04-15_21-40-59_50,True,None,False,vis_2026-04-15_21-40-53_77,vis_2026-04-15_21-41-03_79,0.5892414768193864,0.5762122231235923,0.5663690986615317
vis_2026-04-15_21-41-03_79,consolidated_memory,raw_memories,raw_memories/vis_2026-04-15_21-41-03_79,2026-04-15_21-41-03,1776260463.0606995,0.0030625818459072197,0.07028335332870483,5.797779083251953,1.6,None,False,None,False,vis_2026-04-15_21-40-58_78,vis_2026-04-15_21-41-03_80,0.5914093563035268,0.5704510721208416,0.569930300644588
vis_2026-04-15_21-41-03_80,consolidated_memory,raw_memories,raw_memories/vis_2026-04-15_21-41-03_80,2026-04-15_21-41-03,1776260463.6772213,0.025034980363806653,0.3745741844177246,8.987781524658203,1.0,None,False,None,False,vis_2026-04-15_21-41-03_79,vis_2026-04-15_21-41-10_81,0.5916881152311265,0.568950010379813,0.5711401404060548
vis_2026-04-15_21-41-10_81,consolidated_memory,raw_memories,raw_memories/vis_2026-04-15_21-41-10_81,2026-04-15_21-41-10,1776260470.5444324,-0.009221851591904773,0.0037476092111319304,3.5133323669433594,1.0,None,False,None,False,vis_2026-04-15_21-41-03_80,vis_2026-04-15_21-41-11_82,0.591604939068301,0.5773248738510632,0.5627606827976219
vis_2026-04-15_21-41-11_82,consolidated_memory,raw_memories,raw_memories/vis_2026-04-15_21-41-11_82,2026-04-15_21-41-11,1776260471.2075994,-0.03685993732804415,0.22574125230312347,5.382591247558594,1.0,aud_2026-04-15_21-41-11_56,True,None,False,vis_2026-04-15_21-41-10_81,vis_2026-04-15_21-41-13_83,0.5864760646588604,0.5796789945364703,0.5657014131814088
vis_2026-04-15_21-41-13_83,consolidated_memory,raw_memories,raw_memories/vis_2026-04-15_21-41-13_83,2026-04-15_21-41-13,1776260473.9966366,-0.034084786076802515,-0.24249865114688873,1.3411083221435547,1.0,None,False,None,False,vis_2026-04-15_21-41-11_82,vis_2026-04-15_21-41-15_84,0.5738733120238492,0.5765946359103139,0.5815565729885875
vis_2026-04-15_21-41-15_84,consolidated_memory,raw_memories,raw_memories/vis_2026-04-15_21-41-15_84,2026-04-15_21-41-15,1776260475.0135882,-0.027068419298776392,-0.12413414567708969,3.711111068725586,1.0,None,False,None,False,vis_2026-04-15_21-41-13_83,vis_2026-04-15_21-41-16_85,0.579789533736919,0.5769519066112632,0.5753004380554166
vis_2026-04-15_21-41-16_85,consolidated_memory,raw_memories,raw_memories/vis_2026-04-15_21-41-16_85,2026-04-15_21-41-16,1776260476.00028,-0.014468743837409618,-0.023744188249111176,10.778148651123047,1.0,None,False,None,False,vis_2026-04-15_21-41-15_84,vis_2026-04-15_21-41-17_86,0.5801602970511365,0.5781328439203695,0.5737390038214962
vis_2026-04-15_21-41-17_86,consolidated_memory,raw_memories,raw_memories/vis_2026-04-15_21-41-17_86,2026-04-15_21-41-17,1776260477.4062994,-0.025548599248623474,-0.18379643559455872,10.353702545166016,1.0,None,False,None,False,vis_2026-04-15_21-41-16_85,vis_2026-04-15_21-41-18_87,0.5801664719688997,0.578828647553651,0.5730307684360162
vis_2026-04-15_21-41-18_87,consolidated_memory,raw_memories,raw_memories/vis_2026-04-15_21-41-18_87,2026-04-15_21-41-18,1776260478.2440405,-0.008372275148653912,0.12229695171117783,12.433704376220703,1.0,None,False,None,False,vis_2026-04-15_21-41-17_86,vis_2026-04-15_21-41-18_88,0.49164771166535803,0.5979975421302444,0.6329940499091627
vis_2026-04-15_21-41-18_88,consolidated_memory,raw_memories,raw_memories/vis_2026-04-15_21-41-18_88,2026-04-15_21-41-18,1776260478.7868378,0.07179180412597347,-0.20582795143127441,13.091854095458984,1.0,None,False,None,False,vis_2026-04-15_21-41-18_87,vis_2026-04-15_21-41-19_89,0.6123176335734849,0.5231743364324516,0.5927526712832523
vis_2026-04-15_21-41-19_89,consolidated_memory,raw_memories,raw_memories/vis_2026-04-15_21-41-19_89,2026-04-15_21-41-19,1776260479.5105124,0.05731208870262802,-0.24259351193904877,0.7518501281738281,1.0,None,False,None,False,vis_2026-04-15_21-41-18_88,vis_2026-04-15_21-41-20_90,0.628925326762048,0.5577133838761584,0.5416721469696
vis_2026-04-15_21-41-20_90,consolidated_memory,raw_memories,raw_memories/vis_2026-04-15_21-41-20_90,2026-04-15_21-41-20,1776260480.3801498,0.10691520677079998,0.3994365930557251,0.6118507385253906,1.1,aud_2026-04-15_21-41-22_58,True,None,False,vis_2026-04-15_21-41-19_89,vis_2026-04-15_21-41-21_91,0.6320290572345447,0.555455129695279,0.5403784504459938
vis_2026-04-15_21-41-21_91,consolidated_memory,raw_memories,raw_memories/vis_2026-04-15_21-41-21_91,2026-04-15_21-41-21,1776260481.2672355,0.021144369570941738,0.7352157235145569,9.598148345947266,1.1,aud_2026-04-15_21-41-22_58,True,None,False,vis_2026-04-15_21-41-20_90,vis_2026-04-15_21-41-22_92,0.6358973698572367,0.5548881376664221,0.5364081372292355
vis_2026-04-15_21-41-22_92,consolidated_memory,raw_memories,raw_memories/vis_2026-04-15_21-41-22_92,2026-04-15_21-41-22,1776260482.144381,0.004361232869725934,0.8138978481292725,7.814075469970703,1.0,None,False,None,False,vis_2026-04-15_21-41-21_91,vis_2026-04-15_21-41-22_93,0.6339144258936537,0.5582653373943749,0.5352497675925364
vis_2026-04-15_21-41-22_93,consolidated_memory,raw_memories,raw_memories/vis_2026-04-15_21-41-22_93,2026-04-15_21-41-22,1776260482.970882,0.04069590630221163,0.6296621561050415,13.906295776367188,1.1,aud_2026-04-15_21-41-23_59,True,None,False,vis_2026-04-15_21-41-22_92,vis_2026-04-15_21-41-32_94,0.6296881238112013,0.5586612379263457,0.5398059725213608
vis_2026-04-15_21-41-32_94,consolidated_memory,raw_memories,raw_memories/vis_2026-04-15_21-41-32_94,2026-04-15_21-41-32,1776260492.5750117,-0.006613506495350303,0.3091457486152649,6.464073181152344,1.1,aud_2026-04-15_21-41-32_65,True,None,False,vis_2026-04-15_21-41-22_93,vis_2026-04-15_21-41-34_95,0.6438267438186549,0.5420482359491446,0.5400655829140463
vis_2026-04-15_21-41-34_95,consolidated_memory,raw_memories,raw_memories/vis_2026-04-15_21-41-34_95,2026-04-15_21-41-34,1776260494.4862397,-0.014695134370197031,0.002159697934985161,12.08926010131836,1.0,None,False,None,False,vis_2026-04-15_21-41-32_94,vis_2026-04-15_21-41-35_96,0.6755205400677108,0.5265097622411153,0.5161971234048408
vis_2026-04-15_21-41-35_96,consolidated_memory,raw_memories,raw_memories/vis_2026-04-15_21-41-35_96,2026-04-15_21-41-35,1776260495.2817566,-0.014278063590094882,-0.005620453041046858,14.947410583496094,1.2000000000000002,aud_2026-04-15_21-41-36_66,True,None,False,vis_2026-04-15_21-41-34_95,vis_2026-04-15_21-41-35_97,0.6922852522844708,0.5134433036416206,0.5070671586831521
vis_2026-04-15_21-41-35_97,consolidated_memory,raw_memories,raw_memories/vis_2026-04-15_21-41-35_97,2026-04-15_21-41-35,1776260495.8736453,-0.009924332362534085,0.8277341723442078,10.69000244140625,1.1,aud_2026-04-15_21-41-36_66,True,None,False,vis_2026-04-15_21-41-35_96,None,0.6932950458934415,0.5109680277527996,0.5081866329942427
vis_2026-04-15_21-42-27_0,consolidated_memory,raw_memories,raw_memories/vis_2026-04-15_21-42-27_0,2026-04-15_21-42-27,1776260547.8373098,0.0,0.0,19.84185218811035,1.0,None,False,None,False,None,vis_2026-04-15_21-42-28_1,0.5921765822084246,0.574351001512241,0.5651971536958007
vis_2026-04-15_21-42-28_1,consolidated_memory,raw_memories,raw_memories/vis_2026-04-15_21-42-28_1,2026-04-15_21-42-28,1776260548.3236682,0.008290732979039452,0.004140137229114771,5.055927276611328,1.0,None,False,None,False,vis_2026-04-15_21-42-27_0,vis_2026-04-15_21-42-28_2,0.5846569258112383,0.5750491546562055,0.5722715691261759
vis_2026-04-15_21-42-28_2,consolidated_memory,raw_memories,raw_memories/vis_2026-04-15_21-42-28_2,2026-04-15_21-42-28,1776260548.898392,-0.011240953301269136,-0.0705442726612091,0.6911125183105469,1.0,None,False,None,False,vis_2026-04-15_21-42-28_1,vis_2026-04-15_21-42-29_3,0.5820540858314976,0.576517870291609,0.5734458879452247
vis_2026-04-15_21-42-29_3,consolidated_memory,raw_memories,raw_memories/vis_2026-04-15_21-42-29_3,2026-04-15_21-42-29,1776260549.6474419,-0.028229753314872465,-0.22184045612812042,3.3718528747558594,1.0,None,False,None,False,vis_2026-04-15_21-42-28_2,vis_2026-04-15_21-42-30_4,0.5826490317908809,0.5775369047662099,0.5718139814539469
vis_2026-04-15_21-42-30_4,consolidated_memory,raw_memories,raw_memories/vis_2026-04-15_21-42-30_4,2026-04-15_21-42-30,1776260550.4312348,-0.022430758954194135,-0.14498105645179749,12.084814071655273,1.1,None,False,None,False,vis_2026-04-15_21-42-29_3,vis_2026-04-15_21-42-30_5,0.5825036519964523,0.5782793916826845,0.5712113799338213
vis_2026-04-15_21-42-30_5,consolidated_memory,raw_memories,raw_memories/vis_2026-04-15_21-42-30_5,2026-04-15_21-42-30,1776260550.9516098,-0.036295540723195394,-0.2797197699546814,0.14037132263183594,1.0,None,False,None,False,vis_2026-04-15_21-42-30_4,vis_2026-04-15_21-42-31_6,0.5816470935632272,0.5787711820556148,0.571586019223176
vis_2026-04-15_21-42-31_6,consolidated_memory,raw_memories,raw_memories/vis_2026-04-15_21-42-31_6,2026-04-15_21-42-31,1776260551.5331807,-0.028702386913906155,-0.19349001348018646,2.057037353515625,1.0,None,False,None,False,vis_2026-04-15_21-42-30_5,vis_2026-04-15_21-42-32_7,0.580801675119753,0.5784780672656312,0.5727412503659123
vis_2026-04-15_21-42-32_7,consolidated_memory,raw_memories,raw_memories/vis_2026-04-15_21-42-32_7,2026-04-15_21-42-32,1776260552.060643,-0.02879261861870859,-0.2064022570848465,3.7818527221679688,1.0,None,False,None,False,vis_2026-04-15_21-42-31_6,vis_2026-04-15_21-42-32_8,0.5830394665852597,0.5777186068274245,0.5712321697255465
vis_2026-04-15_21-42-32_8,consolidated_memory,raw_memories,raw_memories/vis_2026-04-15_21-42-32_8,2026-04-15_21-42-32,1776260552.583936,-0.010837102958673635,-0.015970956534147263,7.552593231201172,1.0,None,False,None,False,vis_2026-04-15_21-42-32_7,vis_2026-04-15_21-42-33_9,0.5824821898067214,0.5777427237381461,0.5717760433295496
vis_2026-04-15_21-42-33_10,consolidated_memory,raw_memories,raw_memories/vis_2026-04-15_21-42-33_10,2026-04-15_21-42-33,1776260553.814438,-0.014030754590656636,0.7688450813293457,4.05963134765625,1.0,aud_2026-04-15_21-42-33_0,True,None,False,vis_2026-04-15_21-42-33_9,vis_2026-04-15_21-42-34_11,0.6208282729262402,0.538781473389904,0.5694618331962431
vis_2026-04-15_21-42-33_9,consolidated_memory,raw_memories,raw_memories/vis_2026-04-15_21-42-33_9,2026-04-15_21-42-33,1776260553.2151604,-0.0101265292468837,-0.01113769318908453,1.1640739440917969,1.0,None,False,None,False,vis_2026-04-15_21-42-32_8,vis_2026-04-15_21-42-33_10,0.5922045930166231,0.5677314565929149,0.5718170277325632
vis_2026-04-15_21-42-34_11,consolidated_memory,raw_memories,raw_memories/vis_2026-04-15_21-42-34_11,2026-04-15_21-42-34,1776260554.5707858,0.18135750346303445,-0.18710848689079285,3.0303726196289062,1.0,None,False,None,False,vis_2026-04-15_21-42-33_10,vis_2026-04-15_21-42-36_12,0.5972800368308943,0.5531258279913919,0.58078255484486
vis_2026-04-15_21-42-36_12,consolidated_memory,raw_memories,raw_memories/vis_2026-04-15_21-42-36_12,2026-04-15_21-42-36,1776260556.9821002,0.013196378202296568,-0.07836782932281494,7.89666748046875,1.0,None,False,None,False,vis_2026-04-15_21-42-34_11,vis_2026-04-15_21-42-37_13,0.6018358412867973,0.5512861109456033,0.577821117666259
vis_2026-04-15_21-42-37_13,consolidated_memory,raw_memories,raw_memories/vis_2026-04-15_21-42-37_13,2026-04-15_21-42-37,1776260557.6099286,0.04671631519570011,0.8712109923362732,6.4659271240234375,1.0,aud_2026-04-15_21-42-38_2,True,None,False,vis_2026-04-15_21-42-36_12,vis_2026-04-15_21-42-38_14,0.5996594884192902,0.5580194538611623,0.5736050793544332
vis_2026-04-15_21-42-38_14,consolidated_memory,raw_memories,raw_memories/vis_2026-04-15_21-42-38_14,2026-04-15_21-42-38,1776260558.1438184,0.016760107057379858,1.0,6.7866668701171875,1.0,aud_2026-04-15_21-42-38_2,True,None,False,vis_2026-04-15_21-42-37_13,vis_2026-04-15_21-42-38_15,0.6038023958997404,0.5572276257896054,0.5700175784680792
vis_2026-04-15_21-42-38_15,consolidated_memory,raw_memories,raw_memories/vis_2026-04-15_21-42-38_15,2026-04-15_21-42-38,1776260558.668414,-0.006671281641388211,0.3757791221141815,12.812965393066406,1.0,None,False,None,False,vis_2026-04-15_21-42-38_14,vis_2026-04-15_21-42-42_16,0.6029150574828768,0.5568284194647813,0.5713453813034396
vis_2026-04-15_21-42-42_16,consolidated_memory,raw_memories,raw_memories/vis_2026-04-15_21-42-42_16,2026-04-15_21-42-42,1776260562.1763852,-0.010633310364379348,-0.055135443806648254,9.993335723876953,1.0,None,False,None,False,vis_2026-04-15_21-42-38_15,vis_2026-04-15_21-42-42_17,0.5895585374473562,0.5730046976296007,0.5692858222521829
vis_2026-04-15_21-42-42_17,consolidated_memory,raw_memories,raw_memories/vis_2026-04-15_21-42-42_17,2026-04-15_21-42-42,1776260562.9798272,-0.010896069533499848,0.001115054590627551,5.839256286621094,1.1,None,False,None,False,vis_2026-04-15_21-42-42_16,vis_2026-04-15_21-42-43_18,0.5860579370947024,0.575317804262963,0.5705659632911385
vis_2026-04-15_21-42-43_18,consolidated_memory,raw_memories,raw_memories/vis_2026-04-15_21-42-43_18,2026-04-15_21-42-43,1776260563.4987772,-0.007986820916212318,0.00718954810872674,3.432220458984375,1.0,None,False,None,False,vis_2026-04-15_21-42-42_17,vis_2026-04-15_21-42-44_19,0.5883218696190228,0.5758001813143938,0.5677424846937992
vis_2026-04-15_21-42-44_19,consolidated_memory,raw_memories,raw_memories/vis_2026-04-15_21-42-44_19,2026-04-15_21-42-44,1776260564.1834893,-0.014726260521339801,0.3018822968006134,0.2788887023925781,1.1,None,False,None,False,vis_2026-04-15_21-42-43_18,vis_2026-04-15_21-42-50_20,0.5900453770514237,0.5782139858216963,0.5634847288262838
vis_2026-04-15_21-42-50_20,consolidated_memory,raw_memories,raw_memories/vis_2026-04-15_21-42-50_20,2026-04-15_21-42-50,1776260570.1522834,0.06118348314759177,-0.06595322489738464,2.4270362854003906,1.0,aud_2026-04-15_21-42-50_9,True,None,False,vis_2026-04-15_21-42-44_19,vis_2026-04-15_21-42-58_21,0.584145694168217,0.5798003826389326,0.5679835598646136
vis_2026-04-15_21-42-58_21,consolidated_memory,raw_memories,raw_memories/vis_2026-04-15_21-42-58_21,2026-04-15_21-42-58,1776260578.089565,-0.016728190398806513,-0.1509251743555069,8.595924377441406,1.1,None,False,None,False,vis_2026-04-15_21-42-50_20,vis_2026-04-15_21-42-59_22,0.6118897506332528,0.5657404684578967,0.5527464657680006
vis_2026-04-15_21-42-59_22,consolidated_memory,raw_memories,raw_memories/vis_2026-04-15_21-42-59_22,2026-04-15_21-42-59,1776260579.4068274,0.03954936693314287,0.41119512915611267,7.497406005859375,1.0,aud_2026-04-15_21-42-59_17,True,None,False,vis_2026-04-15_21-42-58_21,vis_2026-04-15_21-43-01_23,0.6004523943998844,0.5702399989752188,0.56060972666213
vis_2026-04-15_21-43-01_23,consolidated_memory,raw_memories,raw_memories/vis_2026-04-15_21-43-01_23,2026-04-15_21-43-01,1776260581.8098543,0.0022796112193980496,0.0026113258209079504,4.040740966796875,1.1,None,False,None,False,vis_2026-04-15_21-42-59_22,vis_2026-04-15_21-43-02_24,0.589263088378515,0.5759790845093904,0.5665837156875752
vis_2026-04-15_21-43-02_24,consolidated_memory,raw_memories,raw_memories/vis_2026-04-15_21-43-02_24,2026-04-15_21-43-02,1776260582.3485737,-0.008430465761330996,-0.0536072812974453,0.478515625,1.0,None,False,None,False,vis_2026-04-15_21-43-01_23,vis_2026-04-15_21-43-03_25,0.5905019281330207,0.5742791615190672,0.5670193272862418
vis_2026-04-15_21-43-03_25,consolidated_memory,raw_memories,raw_memories/vis_2026-04-15_21-43-03_25,2026-04-15_21-43-03,1776260583.2276227,0.060322035234230784,-0.17339666187763214,0.6255569458007812,1.1,None,False,None,False,vis_2026-04-15_21-43-02_24,vis_2026-04-15_21-43-03_26,0.5740433218684498,0.5805661599843862,0.5774228939860452
vis_2026-04-15_21-43-03_26,consolidated_memory,raw_memories,raw_memories/vis_2026-04-15_21-43-03_26,2026-04-15_21-43-03,1776260583.8753045,0.016118223295762558,0.03028746321797371,15.123703002929688,1.0,None,False,None,False,vis_2026-04-15_21-43-03_25,vis_2026-04-15_21-43-04_27,0.586599853184345,0.5805537035495646,0.5646751362854477
vis_2026-04-15_21-43-04_27,consolidated_memory,raw_memories,raw_memories/vis_2026-04-15_21-43-04_27,2026-04-15_21-43-04,1776260584.4834218,0.00031411386115824837,0.004492413252592087,5.752220153808594,1.0,None,False,None,False,vis_2026-04-15_21-43-03_26,vis_2026-04-15_21-43-05_28,0.5895758616860469,0.5806550071106418,0.5614624351054092
vis_2026-04-15_21-43-05_28,consolidated_memory,raw_memories,raw_memories/vis_2026-04-15_21-43-05_28,2026-04-15_21-43-05,1776260585.147561,-0.016403973223080754,-0.12481651455163956,5.631481170654297,1.0,None,False,None,False,vis_2026-04-15_21-43-04_27,vis_2026-04-15_21-43-05_29,0.5886607106685775,0.5834792117661148,0.5594913557437317
vis_2026-04-15_21-43-05_29,consolidated_memory,raw_memories,raw_memories/vis_2026-04-15_21-43-05_29,2026-04-15_21-43-05,1776260585.6991584,-0.013266269252873157,-0.06573574990034103,5.487407684326172,1.1,None,False,None,False,vis_2026-04-15_21-43-05_28,vis_2026-04-15_21-43-06_30,0.5900675191896184,0.5848547198440605,0.556565611112953
vis_2026-04-15_21-43-06_30,consolidated_memory,raw_memories,raw_memories/vis_2026-04-15_21-43-06_30,2026-04-15_21-43-06,1776260586.7317872,-0.02694342792127062,-0.19689306616783142,3.5377769470214844,1.0,None,False,None,False,vis_2026-04-15_21-43-05_29,vis_2026-04-15_21-43-07_31,0.5900637186442061,0.5846806727743701,0.5567524753639458
vis_2026-04-15_21-43-07_31,consolidated_memory,raw_memories,raw_memories/vis_2026-04-15_21-43-07_31,2026-04-15_21-43-07,1776260587.4303782,-0.023617201534266337,-0.1572086662054062,2.8181495666503906,1.1,None,False,None,False,vis_2026-04-15_21-43-06_30,vis_2026-04-15_21-43-08_32,0.5901946695876961,0.5850752465422919,0.5561988923701183
vis_2026-04-15_21-43-08_32,consolidated_memory,raw_memories,raw_memories/vis_2026-04-15_21-43-08_32,2026-04-15_21-43-08,1776260588.284682,-0.025587545562260245,-0.18524883687496185,1.8903694152832031,1.0,None,False,None,False,vis_2026-04-15_21-43-07_31,vis_2026-04-15_21-43-08_33,0.5899358498466808,0.5835531044760398,0.558069410846044
vis_2026-04-15_21-43-08_33,consolidated_memory,raw_memories,raw_memories/vis_2026-04-15_21-43-08_33,2026-04-15_21-43-08,1776260588.8335903,-0.017394856796175816,-0.06727398186922073,1.4792594909667969,1.0,None,False,None,False,vis_2026-04-15_21-43-08_32,vis_2026-04-15_21-43-09_34,0.5715812888537817,0.589697884791746,0.5705709727145173
vis_2026-04-15_21-43-09_34,consolidated_memory,raw_memories,raw_memories/vis_2026-04-15_21-43-09_34,2026-04-15_21-43-09,1776260589.373787,-0.01006788245226577,0.0670543685555458,0.9648151397705078,1.0,None,False,None,False,vis_2026-04-15_21-43-08_33,vis_2026-04-15_21-43-09_35,0.49713068884126277,0.6037717774412196,0.6231538485620401
vis_2026-04-15_21-43-09_35,consolidated_memory,raw_memories,raw_memories/vis_2026-04-15_21-43-09_35,2026-04-15_21-43-09,1776260589.9462042,-0.02670085707620612,-0.16884413361549377,6.865924835205078,1.1,None,False,None,False,vis_2026-04-15_21-43-09_34,vis_2026-04-15_21-43-10_36,0.46081244064923754,0.6002525658988223,0.653719168813928
vis_2026-04-15_21-43-10_36,consolidated_memory,raw_memories,raw_memories/vis_2026-04-15_21-43-10_36,2026-04-15_21-43-10,1776260590.440524,-0.03212255282892985,-0.22478576004505157,10.282962799072266,1.0,None,False,None,False,vis_2026-04-15_21-43-09_35,vis_2026-04-15_21-43-10_37,0.5558066709357249,0.5971081170094472,0.5783950562935156
vis_2026-04-15_21-43-10_37,consolidated_memory,raw_memories,raw_memories/vis_2026-04-15_21-43-10_37,2026-04-15_21-43-10,1776260590.9974241,-0.021700922857164667,-0.11639928817749023,7.468517303466797,1.0,None,False,None,False,vis_2026-04-15_21-43-10_36,vis_2026-04-15_21-43-11_38,0.5397075513911729,0.5832888656972307,0.6070336548536518
vis_2026-04-15_21-43-11_38,consolidated_memory,raw_memories,raw_memories/vis_2026-04-15_21-43-11_38,2026-04-15_21-43-11,1776260591.6152358,-0.024947121946902375,-0.15052640438079834,0.05037117004394531,1.0,None,False,None,False,vis_2026-04-15_21-43-10_37,vis_2026-04-15_21-43-12_39,0.5062015941756859,0.5563346644861914,0.6589777592188003
vis_2026-04-15_21-43-12_39,consolidated_memory,raw_memories,raw_memories/vis_2026-04-15_21-43-12_39,2026-04-15_21-43-12,1776260592.1187904,-0.02468084522394173,-0.1596534699201584,2.2274093627929688,1.0,None,False,None,False,vis_2026-04-15_21-43-11_38,vis_2026-04-15_21-43-12_40,0.5165712016110154,0.557504836554916,0.6498788740096328
vis_2026-04-15_21-43-12_40,consolidated_memory,raw_memories,raw_memories/vis_2026-04-15_21-43-12_40,2026-04-15_21-43-12,1776260592.8948967,-0.018264688970709646,0.4419214725494385,0.0092620849609375,1.0,aud_2026-04-15_21-43-14_19,True,None,False,vis_2026-04-15_21-43-12_39,vis_2026-04-15_21-43-13_41,0.5245496615520487,0.5627371067342609,0.6388854367333663
vis_2026-04-15_21-43-13_41,consolidated_memory,raw_memories,raw_memories/vis_2026-04-15_21-43-13_41,2026-04-15_21-43-13,1776260593.5843394,-0.020795637849908434,0.6629772186279297,0.07258987426757812,1.1,aud_2026-04-15_21-43-14_19,True,None,False,vis_2026-04-15_21-43-12_40,vis_2026-04-15_21-43-14_42,0.5246946368266069,0.563031445497279,0.6385069533424359
vis_2026-04-15_21-43-14_42,consolidated_memory,raw_memories,raw_memories/vis_2026-04-15_21-43-14_42,2026-04-15_21-43-14,1776260594.364642,0.042881141414678726,-0.02224581502377987,1.2485179901123047,1.0,None,False,None,False,vis_2026-04-15_21-43-13_41,vis_2026-04-15_21-43-14_43,0.5325406530595023,0.5663773776776342,0.6289810163224049
vis_2026-04-15_21-43-14_43,consolidated_memory,raw_memories,raw_memories/vis_2026-04-15_21-43-14_43,2026-04-15_21-43-14,1776260594.927325,0.21278582721927702,0.10943116247653961,0.48444366455078125,1.0,aud_2026-04-15_21-43-14_20,True,None,False,vis_2026-04-15_21-43-14_42,vis_2026-04-15_21-43-23_44,0.548856029142135,0.5640245825560015,0.6169548845311593
vis_2026-04-15_21-43-23_44,consolidated_memory,raw_memories,raw_memories/vis_2026-04-15_21-43-23_44,2026-04-15_21-43-23,1776260603.7994194,-0.007917174397066783,0.16807888448238373,27.20148468017578,1.0,None,False,None,False,vis_2026-04-15_21-43-14_43,vis_2026-04-15_21-43-24_45,0.6040001040884252,0.5763648795837456,0.5504429124292418
vis_2026-04-15_21-43-24_45,consolidated_memory,raw_memories,raw_memories/vis_2026-04-15_21-43-24_45,2026-04-15_21-43-24,1776260604.3733268,-0.057078373698466814,0.4605593681335449,2.7370338439941406,1.0,aud_2026-04-15_21-43-25_27,True,None,False,vis_2026-04-15_21-43-23_44,vis_2026-04-15_21-43-24_46,0.6018151197300367,0.5626405402102739,0.5667928935477339
vis_2026-04-15_21-43-24_46,consolidated_memory,raw_memories,raw_memories/vis_2026-04-15_21-43-24_46,2026-04-15_21-43-24,1776260604.8723261,-0.05485436257573974,0.8085227608680725,0.7107391357421875,1.0,aud_2026-04-15_21-43-25_27,True,None,False,vis_2026-04-15_21-43-24_45,vis_2026-04-15_21-43-25_47,0.5843655692558754,0.5713817875702875,0.5762288905471848
vis_2026-04-15_21-43-25_47,consolidated_memory,raw_memories,raw_memories/vis_2026-04-15_21-43-25_47,2026-04-15_21-43-25,1776260605.4272501,-0.05131838701215118,0.5473475456237793,0.1018524169921875,1.0,aud_2026-04-15_21-43-25_27,True,None,False,vis_2026-04-15_21-43-24_46,vis_2026-04-15_21-43-27_48,0.5882529005124914,0.5745631871905122,0.56906561042126
vis_2026-04-15_21-43-27_48,consolidated_memory,raw_memories,raw_memories/vis_2026-04-15_21-43-27_48,2026-04-15_21-43-27,1776260607.5883307,-0.02182577319234764,-0.11779620498418808,0.8266639709472656,1.1,None,False,None,False,vis_2026-04-15_21-43-25_47,vis_2026-04-15_21-43-28_49,0.5827974291590314,0.5754829725793065,0.573730341569024
vis_2026-04-15_21-43-28_49,consolidated_memory,raw_memories,raw_memories/vis_2026-04-15_21-43-28_49,2026-04-15_21-43-28,1776260608.2537055,-0.03131989484525662,-0.1764759123325348,4.717037200927734,1.0,None,False,None,False,vis_2026-04-15_21-43-27_48,vis_2026-04-15_21-43-28_50,0.5847832857901799,0.5755639548618507,0.5716245643114247
vis_2026-04-15_21-43-28_50,consolidated_memory,raw_memories,raw_memories/vis_2026-04-15_21-43-28_50,2026-04-15_21-43-28,1776260608.79949,-0.019044649144837323,-0.048867806792259216,2.7929630279541016,1.0,None,False,None,False,vis_2026-04-15_21-43-28_49,vis_2026-04-15_21-43-29_51,0.5834448186700009,0.5764043107292935,0.5721452736323336
vis_2026-04-15_21-43-29_51,consolidated_memory,raw_memories,raw_memories/vis_2026-04-15_21-43-29_51,2026-04-15_21-43-29,1776260609.4289708,-0.0319188583559966,-0.2156849354505539,0.058887481689453125,1.0,None,False,None,False,vis_2026-04-15_21-43-28_50,vis_2026-04-15_21-43-29_52,0.5845502788784502,0.5756692535220488,0.5717568381860362
vis_2026-04-15_21-43-29_52,consolidated_memory,raw_memories,raw_memories/vis_2026-04-15_21-43-29_52,2026-04-15_21-43-29,1776260609.9871192,-0.03413495554914465,-0.23806090652942657,1.4696292877197266,1.0,None,False,None,False,vis_2026-04-15_21-43-29_51,vis_2026-04-15_21-43-30_53,0.584332895970137,0.5756120400156266,0.5720365775684292
vis_2026-04-15_21-43-30_53,consolidated_memory,raw_memories,raw_memories/vis_2026-04-15_21-43-30_53,2026-04-15_21-43-30,1776260610.9248817,-0.022999894467460563,-0.13213886320590973,1.7607402801513672,1.0,None,False,None,False,vis_2026-04-15_21-43-29_52,vis_2026-04-15_21-43-31_54,0.5839812106778283,0.5762801813092643,0.5717229208326526
vis_2026-04-15_21-43-31_54,consolidated_memory,raw_memories,raw_memories/vis_2026-04-15_21-43-31_54,2026-04-15_21-43-31,1776260611.4815547,-0.01955607684850471,-0.11120372265577316,1.8748149871826172,1.0,None,False,None,False,vis_2026-04-15_21-43-30_53,vis_2026-04-15_21-43-32_55,0.5831969992452607,0.5766976558490348,0.5721023280931058
vis_2026-04-15_21-43-32_55,consolidated_memory,raw_memories,raw_memories/vis_2026-04-15_21-43-32_55,2026-04-15_21-43-32,1776260612.2256563,-0.01487303167672993,-0.1591174304485321,0.030370712280273438,1.0,None,False,None,False,vis_2026-04-15_21-43-31_54,vis_2026-04-15_21-43-33_56,0.5836883191630979,0.5762812023638576,0.5720209103473615
vis_2026-04-15_21-43-33_56,consolidated_memory,raw_memories,raw_memories/vis_2026-04-15_21-43-33_56,2026-04-15_21-43-33,1776260613.0819802,0.3782028665593083,-0.9424619078636169,1.5181465148925781,1.0,None,False,None,False,vis_2026-04-15_21-43-32_55,vis_2026-04-15_21-43-34_57,0.5845539182384246,0.5756917703507786,0.5717304454220464
vis_2026-04-15_21-43-34_57,consolidated_memory,raw_memories,raw_memories/vis_2026-04-15_21-43-34_57,2026-04-15_21-43-34,1776260614.0545251,0.5263058925316775,-1.0,0.1537017822265625,1.0,None,False,None,False,vis_2026-04-15_21-43-33_56,vis_2026-04-15_21-43-34_58,0.58203290940069,0.576660660347529,0.5733237961066328
vis_2026-04-15_21-43-34_58,consolidated_memory,raw_memories,raw_memories/vis_2026-04-15_21-43-34_58,2026-04-15_21-43-34,1776260614.6597986,0.3022890621415133,0.30945321917533875,3.565185546875,1.0,aud_2026-04-15_21-43-34_28,True,None,False,vis_2026-04-15_21-43-34_57,vis_2026-04-15_21-43-35_59,0.5844790254817982,0.5743619990232931,0.5731427072290235
vis_2026-04-15_21-43-35_59,consolidated_memory,raw_memories,raw_memories/vis_2026-04-15_21-43-35_59,2026-04-15_21-43-35,1776260615.2639422,0.40610390083327386,-0.781172513961792,1.1211090087890625,1.0,None,False,None,False,vis_2026-04-15_21-43-34_58,vis_2026-04-15_21-43-36_60,0.5856095544834363,0.5725728644897264,0.5737784978088153
vis_2026-04-15_21-43-36_60,consolidated_memory,raw_memories,raw_memories/vis_2026-04-15_21-43-36_60,2026-04-15_21-43-36,1776260616.1351755,0.24519499433182318,-0.6785757541656494,4.120000839233398,1.0,None,False,None,False,vis_2026-04-15_21-43-35_59,vis_2026-04-15_21-43-38_61,0.5858561638215543,0.5735040617474324,0.5725955347987701
vis_2026-04-15_21-43-38_61,consolidated_memory,raw_memories,raw_memories/vis_2026-04-15_21-43-38_61,2026-04-15_21-43-38,1776260618.3500779,0.5435366148784014,-0.8411512970924377,3.4599990844726562,1.0,None,False,None,False,vis_2026-04-15_21-43-36_60,vis_2026-04-15_21-43-39_62,0.5895221703039264,0.5719436063227231,0.5703894475765714
vis_2026-04-15_21-43-39_62,consolidated_memory,raw_memories,raw_memories/vis_2026-04-15_21-43-39_62,2026-04-15_21-43-39,1776260619.0881343,0.7317302788344876,-1.0,0.12666702270507812,1.0,None,False,None,False,vis_2026-04-15_21-43-38_61,vis_2026-04-15_21-43-40_63,0.5888696757358128,0.5723620545585598,0.5706436571979948
vis_2026-04-15_21-43-40_63,consolidated_memory,raw_memories,raw_memories/vis_2026-04-15_21-43-40_63,2026-04-15_21-43-40,1776260620.3639755,0.15353823874443717,-0.4126482307910919,6.466667175292969,1.1,None,False,None,False,vis_2026-04-15_21-43-39_62,vis_2026-04-15_21-43-40_64,0.5854720094520192,0.5735647297899517,0.5729275930597117
vis_2026-04-15_21-43-40_64,consolidated_memory,raw_memories,raw_memories/vis_2026-04-15_21-43-40_64,2026-04-15_21-43-40,1776260620.9793174,0.2780174927334125,-0.7458360195159912,1.0285186767578125,1.0,None,False,None,False,vis_2026-04-15_21-43-40_63,vis_2026-04-15_21-43-45_65,0.5850046872734066,0.5726737191206638,0.5742946345706624
vis_2026-04-15_21-43-45_65,consolidated_memory,raw_memories,raw_memories/vis_2026-04-15_21-43-45_65,2026-04-15_21-43-45,1776260625.8779967,-0.00443718798482047,-0.12147882580757141,1.1574058532714844,1.0,None,False,None,False,vis_2026-04-15_21-43-40_64,vis_2026-04-15_21-43-46_66,0.584260012918124,0.5767555474227507,0.5709582084723862
vis_2026-04-15_21-43-46_66,consolidated_memory,raw_memories,raw_memories/vis_2026-04-15_21-43-46_66,2026-04-15_21-43-46,1776260626.4868295,-0.016208225358520036,0.5409219264984131,2.558887481689453,1.0,aud_2026-04-15_21-43-46_36,True,None,False,vis_2026-04-15_21-43-45_65,vis_2026-04-15_21-43-50_67,0.5864224715744116,0.5735163185229093,0.5720032493093787
vis_2026-04-15_21-43-50_67,consolidated_memory,raw_memories,raw_memories/vis_2026-04-15_21-43-50_67,2026-04-15_21-43-50,1776260630.9079964,-0.014637362811772373,-0.3015502691268921,3.9514808654785156,1.0,None,False,None,False,vis_2026-04-15_21-43-46_66,vis_2026-04-15_21-43-51_68,0.5901313940338028,0.5724044746200826,0.569296105037289
vis_2026-04-15_21-43-51_68,consolidated_memory,raw_memories,raw_memories/vis_2026-04-15_21-43-51_68,2026-04-15_21-43-51,1776260631.5630097,-0.023038999192171908,-0.2346007227897644,0.9148159027099609,1.0,None,False,None,False,vis_2026-04-15_21-43-50_67,vis_2026-04-15_21-43-52_69,0.5891942896307799,0.5729444681452419,0.5697233762873406
vis_2026-04-15_21-43-52_69,consolidated_memory,raw_memories,raw_memories/vis_2026-04-15_21-43-52_69,2026-04-15_21-43-52,1776260632.819578,-0.03154298307915367,-0.24062000215053558,2.568147659301758,1.0,None,False,None,False,vis_2026-04-15_21-43-51_68,vis_2026-04-15_21-43-53_70,0.5895226493806384,0.574077343409109,0.5682413656638988
vis_2026-04-15_21-43-53_70,consolidated_memory,raw_memories,raw_memories/vis_2026-04-15_21-43-53_70,2026-04-15_21-43-53,1776260633.3730304,-0.03184282136658912,-0.24053703248500824,1.3999996185302734,1.0,None,False,None,False,vis_2026-04-15_21-43-52_69,vis_2026-04-15_21-43-54_71,0.5896051287537849,0.573312628779989,0.5689274310741319
vis_2026-04-15_21-43-54_71,consolidated_memory,raw_memories,raw_memories/vis_2026-04-15_21-43-54_71,2026-04-15_21-43-54,1776260634.4796662,-0.042796929840060755,-0.3495114743709564,0.5918540954589844,1.0,None,False,None,False,vis_2026-04-15_21-43-53_70,vis_2026-04-15_21-43-54_72,0.5882282351674537,0.57600221714622,0.5676345560256367
vis_2026-04-15_21-43-54_72,consolidated_memory,raw_memories,raw_memories/vis_2026-04-15_21-43-54_72,2026-04-15_21-43-54,1776260634.988864,0.09400910750467086,-0.5876333117485046,6.734077453613281,1.0,None,False,None,False,vis_2026-04-15_21-43-54_71,vis_2026-04-15_21-43-55_73,0.5542172847974952,0.5861612343065463,0.5909807176447625
vis_2026-04-15_21-43-55_73,consolidated_memory,raw_memories,raw_memories/vis_2026-04-15_21-43-55_73,2026-04-15_21-43-55,1776260635.5289447,0.03366524036338852,-0.23531711101531982,10.655925750732422,1.0,None,False,None,False,vis_2026-04-15_21-43-54_72,vis_2026-04-15_21-43-56_74,0.5187876409772827,0.6025428846150636,0.6064663682093051
vis_2026-04-15_21-43-56_74,consolidated_memory,raw_memories,raw_memories/vis_2026-04-15_21-43-56_74,2026-04-15_21-43-56,1776260636.4964035,-0.004976531815423131,-0.05679738521575928,1.1337051391601562,1.0,None,False,None,False,vis_2026-04-15_21-43-55_73,vis_2026-04-15_21-43-57_75,0.5501131475219091,0.5961547815472766,0.5847862869133108
vis_2026-04-15_21-43-57_75,consolidated_memory,raw_memories,raw_memories/vis_2026-04-15_21-43-57_75,2026-04-15_21-43-57,1776260637.0674589,-0.007169910152656834,-0.023514676839113235,15.416667938232422,1.1,None,False,None,False,vis_2026-04-15_21-43-56_74,vis_2026-04-15_21-43-58_76,0.5243909921092894,0.5667450350437969,0.635463730395245
vis_2026-04-15_21-43-58_76,consolidated_memory,raw_memories,raw_memories/vis_2026-04-15_21-43-58_76,2026-04-15_21-43-58,1776260638.1804786,0.012839706391559258,-0.05191695690155029,2.9118518829345703,1.1,None,False,None,False,vis_2026-04-15_21-43-57_75,vis_2026-04-15_21-43-59_77,0.5390046295777893,0.5792746617486051,0.6114857934161261
vis_2026-04-15_21-43-59_77,consolidated_memory,raw_memories,raw_memories/vis_2026-04-15_21-43-59_77,2026-04-15_21-43-59,1776260639.006392,0.11580884271690485,-0.12031470984220505,5.585184097290039,1.0,None,False,None,False,vis_2026-04-15_21-43-58_76,vis_2026-04-15_21-43-59_78,0.5488400334640396,0.5767481357150217,0.6050918984885179
vis_2026-04-15_21-43-59_78,consolidated_memory,raw_memories,raw_memories/vis_2026-04-15_21-43-59_78,2026-04-15_21-43-59,1776260639.8453686,-0.08131122161073802,-0.2775314450263977,2.102222442626953,1.0,None,False,None,False,vis_2026-04-15_21-43-59_77,vis_2026-04-15_21-44-00_79,0.5388218141363008,0.5766177477389904,0.6141522820956377
vis_2026-04-15_21-44-00_79,consolidated_memory,raw_memories,raw_memories/vis_2026-04-15_21-44-00_79,2026-04-15_21-44-00,1776260640.5205002,-0.08754724782281757,-0.17923159897327423,0.39222145080566406,1.0,None,False,None,False,vis_2026-04-15_21-43-59_78,vis_2026-04-15_21-44-01_80,0.535238338087629,0.5730836934929773,0.620560232123877
vis_2026-04-15_21-44-01_80,consolidated_memory,raw_memories,raw_memories/vis_2026-04-15_21-44-01_80,2026-04-15_21-44-01,1776260641.296861,-0.06955267251892525,-0.14451858401298523,3.988147735595703,1.0,None,False,None,False,vis_2026-04-15_21-44-00_79,vis_2026-04-15_21-44-02_81,0.5284229348267455,0.5661392870806692,0.6326574978397715
vis_2026-04-15_21-44-02_81,consolidated_memory,raw_memories,raw_memories/vis_2026-04-15_21-44-02_81,2026-04-15_21-44-02,1776260642.0023773,-0.051079203418387724,-0.12442001700401306,3.702594757080078,1.0,None,False,None,False,vis_2026-04-15_21-44-01_80,vis_2026-04-15_21-44-02_82,0.5261362825142963,0.564136614231082,0.6363414906368499
vis_2026-04-15_21-44-02_82,consolidated_memory,raw_memories,raw_memories/vis_2026-04-15_21-44-02_82,2026-04-15_21-44-02,1776260642.730108,-0.04333878817052391,-0.16483594477176666,1.5499992370605469,1.0,None,False,None,False,vis_2026-04-15_21-44-02_81,vis_2026-04-15_21-44-03_83,0.504251123463826,0.5563696726054509,0.6604419670874745
vis_2026-04-15_21-44-03_83,consolidated_memory,raw_memories,raw_memories/vis_2026-04-15_21-44-03_83,2026-04-15_21-44-03,1776260643.5599391,0.3888290307318914,0.11607201397418976,3.7411117553710938,1.0,None,False,None,False,vis_2026-04-15_21-44-02_82,vis_2026-04-15_21-44-04_84,0.5130662446071141,0.5613128094376016,0.6493773622525039
vis_2026-04-15_21-44-04_84,consolidated_memory,raw_memories,raw_memories/vis_2026-04-15_21-44-04_84,2026-04-15_21-44-04,1776260644.3645558,0.28423868688982795,0.13131070137023926,4.541851043701172,1.0,None,False,None,False,vis_2026-04-15_21-44-03_83,vis_2026-04-15_21-44-05_85,0.509163465928671,0.5594223964278837,0.6540635652124239
vis_2026-04-15_21-44-05_85,consolidated_memory,raw_memories,raw_memories/vis_2026-04-15_21-44-05_85,2026-04-15_21-44-05,1776260645.92241,-0.12092865700817372,-0.08603949099779129,5.593334197998047,1.0,None,False,None,False,vis_2026-04-15_21-44-04_84,vis_2026-04-15_21-44-06_86,0.5046423523101573,0.5580331532559946,0.658737501681848
vis_2026-04-15_21-44-06_86,consolidated_memory,raw_memories,raw_memories/vis_2026-04-15_21-44-06_86,2026-04-15_21-44-06,1776260646.5604634,-0.10624007768761193,-0.09636440128087997,3.839630126953125,1.0,None,False,None,False,vis_2026-04-15_21-44-05_85,vis_2026-04-15_21-44-07_87,0.5081308326870273,0.559280260451641,0.6549875167832839
vis_2026-04-15_21-44-07_87,consolidated_memory,raw_memories,raw_memories/vis_2026-04-15_21-44-07_87,2026-04-15_21-44-07,1776260647.7857046,-0.06664278537812103,-0.07779006659984589,20.979625701904297,1.0,None,False,None,False,vis_2026-04-15_21-44-06_86,vis_2026-04-15_21-44-08_88,0.5335915541586336,0.5630184849647073,0.6311023997091276
vis_2026-04-15_21-44-08_88,consolidated_memory,raw_memories,raw_memories/vis_2026-04-15_21-44-08_88,2026-04-15_21-44-08,1776260648.553204,-0.06560378642281665,-0.2764412760734558,0.7396278381347656,1.0,None,False,None,False,vis_2026-04-15_21-44-07_87,vis_2026-04-15_21-44-09_89,0.516996568522616,0.5473952078815644,0.6580828477662514
vis_2026-04-15_21-44-09_89,consolidated_memory,raw_memories,raw_memories/vis_2026-04-15_21-44-09_89,2026-04-15_21-44-09,1776260649.2668562,-0.0649383502866496,-0.38743627071380615,1.9192619323730469,1.0,None,False,None,False,vis_2026-04-15_21-44-08_88,vis_2026-04-15_21-44-11_90,0.5173994177150774,0.5498774397649092,0.6556924917868798
vis_2026-04-15_21-44-11_90,consolidated_memory,raw_memories,raw_memories/vis_2026-04-15_21-44-11_90,2026-04-15_21-44-11,1776260651.024498,-0.027857312138188282,-0.15104448795318604,8.807037353515625,1.0,None,False,None,False,vis_2026-04-15_21-44-09_89,vis_2026-04-15_21-44-12_91,0.5145843184036673,0.5469597177582903,0.6603317699481107
vis_2026-04-15_21-44-12_91,consolidated_memory,raw_memories,raw_memories/vis_2026-04-15_21-44-12_91,2026-04-15_21-44-12,1776260652.6099274,-0.022488679822560132,-0.11723644286394119,11.104072570800781,1.0,None,False,None,False,vis_2026-04-15_21-44-11_90,vis_2026-04-15_21-44-14_92,0.5245339760955104,0.555878682932053,0.6448744046581166
vis_2026-04-15_21-44-14_92,consolidated_memory,raw_memories,raw_memories/vis_2026-04-15_21-44-14_92,2026-04-15_21-44-14,1776260654.7364566,-0.02607729207431612,-0.14775216579437256,2.7566680908203125,1.0,None,False,None,False,vis_2026-04-15_21-44-12_91,vis_2026-04-15_21-44-15_93,0.5177940417332833,0.5489106893656845,0.656190814813496
vis_2026-04-15_21-44-15_93,consolidated_memory,raw_memories,raw_memories/vis_2026-04-15_21-44-15_93,2026-04-15_21-44-15,1776260655.497796,-0.02938712828596416,-0.20718695223331451,0.10555648803710938,1.0,None,False,None,False,vis_2026-04-15_21-44-14_92,vis_2026-04-15_21-44-17_94,0.5190327657216253,0.5497096930438516,0.6545412450571735
vis_2026-04-15_21-44-17_94,consolidated_memory,raw_memories,raw_memories/vis_2026-04-15_21-44-17_94,2026-04-15_21-44-17,1776260657.705138,-0.00527976686680115,-0.0796925500035286,8.751482009887695,1.0,None,False,None,False,vis_2026-04-15_21-44-15_93,vis_2026-04-15_21-44-19_95,0.5726428878363345,0.5733400471337181,0.585970403146071
vis_2026-04-15_21-44-19_95,consolidated_memory,raw_memories,raw_memories/vis_2026-04-15_21-44-19_95,2026-04-15_21-44-19,1776260659.296645,0.31305395563400407,0.1954074203968048,14.078889846801758,1.1,None,False,None,False,vis_2026-04-15_21-44-17_94,vis_2026-04-15_21-44-19_96,0.5089304983506964,0.5557097197605491,0.6574012893295571
vis_2026-04-15_21-44-19_96,consolidated_memory,raw_memories,raw_memories/vis_2026-04-15_21-44-19_96,2026-04-15_21-44-19,1776260659.9138553,-0.021815634833351635,-0.020607158541679382,10.910001754760742,1.0,None,False,None,False,vis_2026-04-15_21-44-19_95,vis_2026-04-15_21-44-20_97,0.5993772285992343,0.5748242567078486,0.5570673314214096
vis_2026-04-15_21-44-20_97,consolidated_memory,raw_memories,raw_memories/vis_2026-04-15_21-44-20_97,2026-04-15_21-44-20,1776260660.4359355,-0.10831072552272474,-0.054390959441661835,2.301851272583008,1.0,None,False,None,False,vis_2026-04-15_21-44-19_96,vis_2026-04-15_21-44-21_98,0.5777108479244686,0.5791909252904778,0.5751417636127215
vis_2026-04-15_21-44-21_98,consolidated_memory,raw_memories,raw_memories/vis_2026-04-15_21-44-21_98,2026-04-15_21-44-21,1776260661.0459461,-0.1146449882238121,-0.02210412360727787,0.19592666625976562,1.0,None,False,None,False,vis_2026-04-15_21-44-20_97,vis_2026-04-15_21-44-21_99,0.47845076606145787,0.5902562253454716,0.6501403332328491
vis_2026-04-15_21-44-21_99,consolidated_memory,raw_memories,raw_memories/vis_2026-04-15_21-44-21_99,2026-04-15_21-44-21,1776260661.76653,-0.09783672660048906,-0.07254798710346222,0.06444358825683594,1.0,None,False,None,False,vis_2026-04-15_21-44-21_98,vis_2026-04-15_21-44-22_100,0.4769091425752189,0.5876007056629772,0.6536689379437736
vis_2026-04-15_21-44-22_100,consolidated_memory,raw_memories,raw_memories/vis_2026-04-15_21-44-22_100,2026-04-15_21-44-22,1776260662.8207343,-0.07303008742520892,-0.20034010708332062,4.815555572509766,1.0,None,False,None,False,vis_2026-04-15_21-44-21_99,vis_2026-04-15_21-44-23_101,0.47715362224001984,0.5907152361670358,0.650676517590232
vis_2026-04-15_21-44-23_101,consolidated_memory,raw_memories,raw_memories/vis_2026-04-15_21-44-23_101,2026-04-15_21-44-23,1776260663.8787103,-0.04615173398423854,-0.1684558391571045,0.9381484985351562,1.0,None,False,None,False,vis_2026-04-15_21-44-22_100,vis_2026-04-15_21-44-25_102,0.47715362224001984,0.5907152361670358,0.650676517590232
vis_2026-04-15_21-44-25_102,consolidated_memory,raw_memories,raw_memories/vis_2026-04-15_21-44-25_102,2026-04-15_21-44-25,1776260665.2634954,-0.04411010330895087,-0.43638670444488525,0.43407440185546875,1.0,None,False,None,False,vis_2026-04-15_21-44-23_101,vis_2026-04-15_21-44-26_103,0.47715362224001984,0.5907152361670358,0.650676517590232
vis_2026-04-15_21-44-26_103,consolidated_memory,raw_memories,raw_memories/vis_2026-04-15_21-44-26_103,2026-04-15_21-44-26,1776260666.7818277,0.0269235329042286,-0.6062190532684326,0.04555511474609375,1.0,None,False,None,False,vis_2026-04-15_21-44-25_102,vis_2026-04-15_21-44-27_104,0.47715362224001984,0.5907152361670358,0.650676517590232
vis_2026-04-15_21-44-27_104,consolidated_memory,raw_memories,raw_memories/vis_2026-04-15_21-44-27_104,2026-04-15_21-44-27,1776260667.2604933,-0.010828977999783673,-0.5219475626945496,0.05110931396484375,1.0,None,False,None,False,vis_2026-04-15_21-44-26_103,vis_2026-04-15_21-44-29_105,0.47715362224001984,0.5907152361670358,0.650676517590232
vis_2026-04-15_21-44-29_105,consolidated_memory,raw_memories,raw_memories/vis_2026-04-15_21-44-29_105,2026-04-15_21-44-29,1776260669.1501324,-0.051113208922166226,-0.4525204598903656,0.0229644775390625,1.0,None,False,None,False,vis_2026-04-15_21-44-27_104,vis_2026-04-15_21-44-30_106,0.47715362224001984,0.5907152361670358,0.650676517590232
vis_2026-04-15_21-44-30_106,consolidated_memory,raw_memories,raw_memories/vis_2026-04-15_21-44-30_106,2026-04-15_21-44-30,1776260670.9301999,0.19158667396174173,-1.0,0.00074005126953125,1.0,None,False,None,False,vis_2026-04-15_21-44-29_105,vis_2026-04-15_21-44-31_107,0.47715362224001984,0.5907152361670358,0.650676517590232
vis_2026-04-15_21-44-31_107,consolidated_memory,raw_memories,raw_memories/vis_2026-04-15_21-44-31_107,2026-04-15_21-44-31,1776260671.8278549,0.2606431584682545,-0.7916658520698547,0.05629730224609375,1.0,None,False,None,False,vis_2026-04-15_21-44-30_106,vis_2026-04-15_21-44-34_108,0.5958333053335653,0.574935512759039,0.5607422120937384
vis_2026-04-15_21-44-34_108,consolidated_memory,raw_memories,raw_memories/vis_2026-04-15_21-44-34_108,2026-04-15_21-44-34,1776260674.8131557,0.3564573499900189,-0.7951436638832092,6.1485185623168945,1.1,None,False,None,False,vis_2026-04-15_21-44-31_107,vis_2026-04-15_21-44-39_109,0.5850150368760926,0.5784370738078001,0.5684786348435036
vis_2026-04-15_21-44-39_109,consolidated_memory,raw_memories,raw_memories/vis_2026-04-15_21-44-39_109,2026-04-15_21-44-39,1776260679.2643108,0.021444466404063507,-0.05247051268815994,0.31851959228515625,1.0,aud_2026-04-15_21-44-39_43,True,None,False,vis_2026-04-15_21-44-34_108,vis_2026-04-15_21-44-41_110,0.5903152561302026,0.573016520040128,0.5684891961515495
vis_2026-04-15_21-44-41_110,consolidated_memory,raw_memories,raw_memories/vis_2026-04-15_21-44-41_110,2026-04-15_21-44-41,1776260681.1178195,0.0071689543630165985,-0.059716030955314636,6.669260025024414,1.0,None,False,None,False,vis_2026-04-15_21-44-39_109,vis_2026-04-15_21-44-43_111,0.5813632403304176,0.5818764596851141,0.5687148393147788
vis_2026-04-15_21-44-43_111,consolidated_memory,raw_memories,raw_memories/vis_2026-04-15_21-44-43_111,2026-04-15_21-44-43,1776260683.671613,-0.02649700059563186,-0.06624296307563782,7.424446105957031,1.0,None,False,None,False,vis_2026-04-15_21-44-41_110,vis_2026-04-15_21-44-44_112,0.5905132771066441,0.5766484126867247,0.5645978017196421
vis_2026-04-15_21-44-44_112,consolidated_memory,raw_memories,raw_memories/vis_2026-04-15_21-44-44_112,2026-04-15_21-44-44,1776260684.2297597,-0.04123666596019182,0.9057939648628235,3.726297378540039,1.0,None,False,None,False,vis_2026-04-15_21-44-43_111,vis_2026-04-15_21-44-49_113,0.5830524100926906,0.5803687241360241,0.5685261921229562
vis_2026-04-15_21-44-49_113,consolidated_memory,raw_memories,raw_memories/vis_2026-04-15_21-44-49_113,2026-04-15_21-44-49,1776260689.8991482,-0.026531419593938475,-0.1724690943956375,0.37036895751953125,1.2000000000000002,aud_2026-04-15_21-44-50_49,True,None,False,vis_2026-04-15_21-44-44_112,None,0.5902508506470694,0.5739166998976595,0.5676473860496415
vis_2026-04-20_09-03-10_0,consolidated_memory,raw_memories,raw_memories/vis_2026-04-20_09-03-10_0,2026-04-20_09-03-10,1776646990.7428362,0.0,0.0,51.114444732666016,1.0,None,False,None,False,None,vis_2026-04-20_09-03-10_1,0.5891497676562338,0.5576131361344038,0.584782131807189
vis_2026-04-20_09-03-10_1,consolidated_memory,raw_memories,raw_memories/vis_2026-04-20_09-03-10_1,2026-04-20_09-03-10,1776646990.96844,-0.15966750000000002,0.06783416122198105,0.33148193359375,1.0,None,False,None,False,vis_2026-04-20_09-03-10_0,vis_2026-04-20_09-03-11_2,0.5756879527599098,0.560778423865309,0.5950722144195977
vis_2026-04-20_09-03-11_2,consolidated_memory,raw_memories,raw_memories/vis_2026-04-20_09-03-11_2,2026-04-20_09-03-11,1776646991.5929275,-0.023828139333923578,-0.09545506536960602,0.1914825439453125,1.0,None,False,None,False,vis_2026-04-20_09-03-10_1,vis_2026-04-20_09-03-12_3,0.5587863830896296,0.5665054114978296,0.6056644259136279
vis_2026-04-20_09-03-12_3,consolidated_memory,raw_memories,raw_memories/vis_2026-04-20_09-03-12_3,2026-04-20_09-03-12,1776646992.4957302,-0.01706320548658386,-0.07480262219905853,1.7659263610839844,1.1,None,False,None,False,vis_2026-04-20_09-03-11_2,vis_2026-04-20_09-03-13_4,0.5845043513244623,0.5577502433647483,0.5892956213220439
vis_2026-04-20_09-03-13_4,consolidated_memory,raw_memories,raw_memories/vis_2026-04-20_09-03-13_4,2026-04-20_09-03-13,1776646993.1299891,-0.02164944593689109,0.09563904255628586,7.764446258544922,1.0,aud_2026-04-20_09-03-13_0,True,None,False,vis_2026-04-20_09-03-12_3,vis_2026-04-20_09-03-13_5,0.568842394028591,0.5631129112058507,0.5994348838607017
vis_2026-04-20_09-03-13_5,consolidated_memory,raw_memories,raw_memories/vis_2026-04-20_09-03-13_5,2026-04-20_09-03-13,1776646993.7978318,-0.025545248042176453,-0.0381852425634861,7.6562957763671875,1.0,None,False,None,False,vis_2026-04-20_09-03-13_4,vis_2026-04-20_09-03-15_6,0.5709699196228993,0.5595581475680632,0.6007395695107969
vis_2026-04-20_09-03-15_6,consolidated_memory,raw_memories,raw_memories/vis_2026-04-20_09-03-15_6,2026-04-20_09-03-15,1776646995.8355467,-0.02328863959128997,-0.19165223836898804,12.642959594726562,1.0,None,False,None,False,vis_2026-04-20_09-03-13_5,vis_2026-04-20_09-03-16_7,0.6086507016108076,0.550041892442026,0.5718375993124852
vis_2026-04-20_09-03-16_7,consolidated_memory,raw_memories,raw_memories/vis_2026-04-20_09-03-16_7,2026-04-20_09-03-16,1776646996.8536663,0.08222651490470717,-0.007247601635754108,3.1977767944335938,1.0,None,False,None,False,vis_2026-04-20_09-03-15_6,vis_2026-04-20_09-03-17_8,0.6022530803165018,0.5504481585311619,0.5781851364562548
vis_2026-04-20_09-03-17_8,consolidated_memory,raw_memories,raw_memories/vis_2026-04-20_09-03-17_8,2026-04-20_09-03-17,1776646997.504433,-0.03728950480371651,-0.11331253498792648,5.411853790283203,1.0,None,False,None,False,vis_2026-04-20_09-03-16_7,vis_2026-04-20_09-03-18_9,0.6025072467800902,0.5518860318668456,0.5765473314548795
vis_2026-04-20_09-03-18_9,consolidated_memory,raw_memories,raw_memories/vis_2026-04-20_09-03-18_9,2026-04-20_09-03-18,1776646998.3336751,-0.05045391606305554,-0.1634141206741333,13.069629669189453,1.1,None,False,None,False,vis_2026-04-20_09-03-17_8,vis_2026-04-20_09-03-19_10,0.6059080759293105,0.5493939529653981,0.5753622232721703
vis_2026-04-20_09-03-19_10,consolidated_memory,raw_memories,raw_memories/vis_2026-04-20_09-03-19_10,2026-04-20_09-03-19,1776646999.0028641,0.008547871669749428,-0.39630597829818726,2.6525917053222656,1.0,None,False,None,False,vis_2026-04-20_09-03-18_9,vis_2026-04-20_09-03-19_11,0.6006376392132984,0.5533175244755157,0.5771257605310671
vis_2026-04-20_09-03-19_11,consolidated_memory,raw_memories,raw_memories/vis_2026-04-20_09-03-19_11,2026-04-20_09-03-19,1776646999.644748,-0.017408693748751335,-0.1942618489265442,6.783702850341797,1.0,None,False,None,False,vis_2026-04-20_09-03-19_10,vis_2026-04-20_09-03-20_12,0.5973443339251104,0.5490443748097289,0.5845767881274111
vis_2026-04-20_09-03-20_12,consolidated_memory,raw_memories,raw_memories/vis_2026-04-20_09-03-20_12,2026-04-20_09-03-20,1776647000.4235823,-0.01787239828459902,-0.08396554738283157,15.934074401855469,1.0,None,False,None,False,vis_2026-04-20_09-03-19_11,vis_2026-04-20_09-03-20_13,0.5677508561645208,0.5557993001061798,0.6072446815954292
vis_2026-04-20_09-03-20_13,consolidated_memory,raw_memories,raw_memories/vis_2026-04-20_09-03-20_13,2026-04-20_09-03-20,1776647000.9906607,-0.020242866743817107,-0.10026663541793823,4.639259338378906,1.0,None,False,None,False,vis_2026-04-20_09-03-20_12,vis_2026-04-20_09-03-22_14,0.5315250659091174,0.5891465610413221,0.6085946384281512
vis_2026-04-20_09-03-22_14,consolidated_memory,raw_memories,raw_memories/vis_2026-04-20_09-03-22_14,2026-04-20_09-03-22,1776647002.2418518,0.004015344159775418,-0.051692619919776917,5.766666412353516,1.0,None,False,None,False,vis_2026-04-20_09-03-20_13,vis_2026-04-20_09-03-22_15,0.5209426113366723,0.5911597768361664,0.6157506913879536
vis_2026-04-20_09-03-22_15,consolidated_memory,raw_memories,raw_memories/vis_2026-04-20_09-03-22_15,2026-04-20_09-03-22,1776647002.9244578,-0.009529128051839444,-0.06350428611040115,4.052593231201172,1.0,None,False,None,False,vis_2026-04-20_09-03-22_14,vis_2026-04-20_09-03-23_16,0.522878424624202,0.5894794036337853,0.6157208667521912
vis_2026-04-20_09-03-23_16,consolidated_memory,raw_memories,raw_memories/vis_2026-04-20_09-03-23_16,2026-04-20_09-03-23,1776647003.8942842,-0.008646628593223543,0.013327643275260925,3.04888916015625,1.0,None,False,None,False,vis_2026-04-20_09-03-22_15,vis_2026-04-20_09-03-24_17,0.5308324004994895,0.5855933183635097,0.6126152365620386
vis_2026-04-20_09-03-24_17,consolidated_memory,raw_memories,raw_memories/vis_2026-04-20_09-03-24_17,2026-04-20_09-03-24,1776647004.7078907,-0.009210562570186633,-0.0015660211211070418,5.79888916015625,1.0,None,False,None,False,vis_2026-04-20_09-03-23_16,vis_2026-04-20_09-03-25_18,0.5567905745521693,0.5704173759604559,0.6038280163194263
vis_2026-04-20_09-03-25_18,consolidated_memory,raw_memories,raw_memories/vis_2026-04-20_09-03-25_18,2026-04-20_09-03-25,1776647005.3773255,-0.021359575267513923,-0.12513688206672668,3.6048145294189453,1.0,None,False,None,False,vis_2026-04-20_09-03-24_17,vis_2026-04-20_09-03-26_19,0.5747787613872313,0.5594364835652279,0.5972103451166372
vis_2026-04-20_09-03-26_19,consolidated_memory,raw_memories,raw_memories/vis_2026-04-20_09-03-26_19,2026-04-20_09-03-26,1776647006.3347232,0.050508173624174826,-0.39243054389953613,0.3081474304199219,1.0,None,False,None,False,vis_2026-04-20_09-03-25_18,vis_2026-04-20_09-03-26_20,0.6035468548600225,0.5446471393104402,0.5823149385251326
vis_2026-04-20_09-03-26_20,consolidated_memory,raw_memories,raw_memories/vis_2026-04-20_09-03-26_20,2026-04-20_09-03-26,1776647006.9175465,0.04673880951151538,-0.3510792851448059,7.767780303955078,1.0,None,False,None,False,vis_2026-04-20_09-03-26_19,vis_2026-04-20_09-03-27_21,0.603557431539887,0.5431715687162847,0.5836806265169893
vis_2026-04-20_09-03-27_21,consolidated_memory,raw_memories,raw_memories/vis_2026-04-20_09-03-27_21,2026-04-20_09-03-27,1776647007.4343219,0.013615496754647552,-0.13945850729942322,5.862220764160156,1.0,None,False,None,False,vis_2026-04-20_09-03-26_20,vis_2026-04-20_09-03-27_22,0.6764295698439027,0.5247900538705762,0.5167576186175782
vis_2026-04-20_09-03-27_22,consolidated_memory,raw_memories,raw_memories/vis_2026-04-20_09-03-27_22,2026-04-20_09-03-27,1776647007.977211,0.0033505914252246406,0.915154755115509,3.444812774658203,1.1,aud_2026-04-20_09-03-28_1,True,None,False,vis_2026-04-20_09-03-27_21,vis_2026-04-20_09-03-28_23,0.6516219980332999,0.5405683266792483,0.532141575025188
vis_2026-04-20_09-03-28_23,consolidated_memory,raw_memories,raw_memories/vis_2026-04-20_09-03-28_23,2026-04-20_09-03-28,1776647008.6219413,-0.008234072953725838,0.4553220868110657,0.1288909912109375,1.0,None,False,None,False,vis_2026-04-20_09-03-27_22,vis_2026-04-20_09-03-31_24,0.5474078410481458,0.5726775846610718,0.6102335942782641
vis_2026-04-20_09-03-31_24,consolidated_memory,raw_memories,raw_memories/vis_2026-04-20_09-03-31_24,2026-04-20_09-03-31,1776647011.9895427,-0.010290631552037029,0.003950148355215788,8.680000305175781,1.0,None,False,None,False,vis_2026-04-20_09-03-28_23,vis_2026-04-20_09-03-32_25,0.6097301518458837,0.5549039531840909,0.5659600203818851
vis_2026-04-20_09-03-32_25,consolidated_memory,raw_memories,raw_memories/vis_2026-04-20_09-03-32_25,2026-04-20_09-03-32,1776647012.9846303,-0.005978404344892515,0.06544642150402069,5.649999618530273,1.0,None,False,None,False,vis_2026-04-20_09-03-31_24,vis_2026-04-20_09-03-33_26,0.6237103441280804,0.5457355785586144,0.5596052938660658
vis_2026-04-20_09-03-33_26,consolidated_memory,raw_memories,raw_memories/vis_2026-04-20_09-03-33_26,2026-04-20_09-03-33,1776647013.5883915,-0.022715801966929582,0.1683095395565033,3.9007415771484375,1.0,aud_2026-04-20_09-03-33_3,True,None,False,vis_2026-04-20_09-03-32_25,vis_2026-04-20_09-03-35_27,0.6112811468443797,0.5523808953667586,0.566754537649623
vis_2026-04-20_09-03-35_27,consolidated_memory,raw_memories,raw_memories/vis_2026-04-20_09-03-35_27,2026-04-20_09-03-35,1776647015.6305382,-0.0027905925738369456,0.034134864807128906,0.48703765869140625,1.0,None,False,None,False,vis_2026-04-20_09-03-33_26,vis_2026-04-20_09-03-36_28,0.5945705658787144,0.5612868333392736,0.5757108066648008
vis_2026-04-20_09-03-36_28,consolidated_memory,raw_memories,raw_memories/vis_2026-04-20_09-03-36_28,2026-04-20_09-03-36,1776647016.2736475,-0.008925923262322435,0.00163985975086689,19.56703758239746,1.0,None,False,None,False,vis_2026-04-20_09-03-35_27,vis_2026-04-20_09-03-36_29,0.656358341374362,0.5336853015731223,0.5332670312264784
vis_2026-04-20_09-03-36_29,consolidated_memory,raw_memories,raw_memories/vis_2026-04-20_09-03-36_29,2026-04-20_09-03-36,1776647016.7867155,-0.01558172356675572,-0.07015801966190338,2.3344459533691406,1.0,None,False,None,False,vis_2026-04-20_09-03-36_28,vis_2026-04-20_09-03-37_30,0.5960161102375273,0.5702347916507144,0.5653291773191916
vis_2026-04-20_09-03-37_30,consolidated_memory,raw_memories,raw_memories/vis_2026-04-20_09-03-37_30,2026-04-20_09-03-37,1776647017.8042002,-0.019163454639488358,-0.12689541280269623,1.6159248352050781,1.0,None,False,None,False,vis_2026-04-20_09-03-36_29,vis_2026-04-20_09-03-38_31,0.5791386948896889,0.5707860436011566,0.582066718264845
vis_2026-04-20_09-03-38_31,consolidated_memory,raw_memories,raw_memories/vis_2026-04-20_09-03-38_31,2026-04-20_09-03-38,1776647018.4927835,-0.02098434131790783,-0.11505155265331268,0.6244468688964844,1.0,None,False,None,False,vis_2026-04-20_09-03-37_30,vis_2026-04-20_09-03-39_32,0.6249688206761975,0.5423010395543397,0.5615367803455846
vis_2026-04-20_09-03-39_32,consolidated_memory,raw_memories,raw_memories/vis_2026-04-20_09-03-39_32,2026-04-20_09-03-39,1776647019.0190396,-0.026839043018413555,-0.18393009901046753,0.49777984619140625,1.0,None,False,None,False,vis_2026-04-20_09-03-38_31,vis_2026-04-20_09-03-39_33,0.6210275706960126,0.5446008342757492,0.5636795967050492
vis_2026-04-20_09-03-39_33,consolidated_memory,raw_memories,raw_memories/vis_2026-04-20_09-03-39_33,2026-04-20_09-03-39,1776647019.6113856,-0.024518143231973783,-0.15372247993946075,6.282222747802734,1.0,None,False,None,False,vis_2026-04-20_09-03-39_32,vis_2026-04-20_09-03-40_34,0.6071223912757933,0.5545240503803872,0.5691269450318552
vis_2026-04-20_09-03-40_34,consolidated_memory,raw_memories,raw_memories/vis_2026-04-20_09-03-40_34,2026-04-20_09-03-40,1776647020.3331647,-0.021878122655831285,-0.09309713542461395,6.769996643066406,1.0,None,False,None,False,vis_2026-04-20_09-03-39_33,vis_2026-04-20_09-03-41_35,0.45041141572063004,0.6178460995662258,0.6445120276917562
vis_2026-04-20_09-03-41_35,consolidated_memory,raw_memories,raw_memories/vis_2026-04-20_09-03-41_35,2026-04-20_09-03-41,1776647021.3233573,-0.02954568500045577,-0.19820690155029297,3.834442138671875,1.0,None,False,None,False,vis_2026-04-20_09-03-40_34,vis_2026-04-20_09-03-41_36,0.4946559468852936,0.5988417304561566,0.629844485627436
vis_2026-04-20_09-03-41_36,consolidated_memory,raw_memories,raw_memories/vis_2026-04-20_09-03-41_36,2026-04-20_09-03-41,1776647021.9183552,-0.021044162642502657,-0.07834277302026749,0.3462963104248047,1.0,None,False,None,False,vis_2026-04-20_09-03-41_35,vis_2026-04-20_09-03-42_37,0.58959749601449,0.5520738680834948,0.5895669909965887
vis_2026-04-20_09-03-42_37,consolidated_memory,raw_memories,raw_memories/vis_2026-04-20_09-03-42_37,2026-04-20_09-03-42,1776647022.5386233,-0.021770577669218985,-0.115944504737854,3.4722213745117188,1.0,None,False,None,False,vis_2026-04-20_09-03-41_36,vis_2026-04-20_09-03-43_38,0.6703018383073726,0.520601440899277,0.5288379575024411
vis_2026-04-20_09-03-43_38,consolidated_memory,raw_memories,raw_memories/vis_2026-04-20_09-03-43_38,2026-04-20_09-03-43,1776647023.0505662,-0.023467110492735487,-0.15579593181610107,0.2214813232421875,1.0,None,False,None,False,vis_2026-04-20_09-03-42_37,vis_2026-04-20_09-03-43_39,0.6190506836988777,0.5527654290898337,0.557876896290825
vis_2026-04-20_09-03-43_39,consolidated_memory,raw_memories,raw_memories/vis_2026-04-20_09-03-43_39,2026-04-20_09-03-43,1776647023.678152,-0.02332536216874005,-0.1517161875963211,2.8633346557617188,1.0,None,False,None,False,vis_2026-04-20_09-03-43_38,vis_2026-04-20_09-03-44_40,0.596244366851786,0.568626296358152,0.5667069702125818
vis_2026-04-20_09-03-44_40,consolidated_memory,raw_memories,raw_memories/vis_2026-04-20_09-03-44_40,2026-04-20_09-03-44,1776647024.2862003,-0.011464146330937007,0.01762373559176922,3.7607412338256836,1.0,None,False,None,False,vis_2026-04-20_09-03-43_39,vis_2026-04-20_09-03-44_41,0.6016274701331418,0.5616016975817698,0.5680210563477994
vis_2026-04-20_09-03-44_41,consolidated_memory,raw_memories,raw_memories/vis_2026-04-20_09-03-44_41,2026-04-20_09-03-44,1776647024.9447527,-0.010770972271971439,-0.016356496140360832,0.2351856231689453,1.0,None,False,None,False,vis_2026-04-20_09-03-44_40,vis_2026-04-20_09-03-45_42,0.6184355667131802,0.5488922781936059,0.5623652876588143
vis_2026-04-20_09-03-45_42,consolidated_memory,raw_memories,raw_memories/vis_2026-04-20_09-03-45_42,2026-04-20_09-03-45,1776647025.9046426,0.2706326148217007,0.0696619525551796,7.7377777099609375,1.0,None,False,None,False,vis_2026-04-20_09-03-44_41,vis_2026-04-20_09-03-46_43,0.6133045769628283,0.5473268932239543,0.5694653350558403
vis_2026-04-20_09-03-46_43,consolidated_memory,raw_memories,raw_memories/vis_2026-04-20_09-03-46_43,2026-04-20_09-03-46,1776647026.751558,-0.12530517494178603,-0.007978268899023533,2.8874053955078125,1.0,None,False,None,False,vis_2026-04-20_09-03-45_42,vis_2026-04-20_09-03-47_44,0.6111698681872582,0.549496899380535,0.5696705625106036
vis_2026-04-20_09-03-47_44,consolidated_memory,raw_memories,raw_memories/vis_2026-04-20_09-03-47_44,2026-04-20_09-03-47,1776647027.7497075,-0.13067874229190837,-0.14687272906303406,15.297779083251953,1.0,None,False,None,False,vis_2026-04-20_09-03-46_43,vis_2026-04-20_09-03-48_45,0.6089296229104472,0.5555864416453962,0.5661522941770594
vis_2026-04-20_09-03-48_45,consolidated_memory,raw_memories,raw_memories/vis_2026-04-20_09-03-48_45,2026-04-20_09-03-48,1776647028.4682662,-0.08339212270271713,-0.035681869834661484,1.5177803039550781,1.0,None,False,None,False,vis_2026-04-20_09-03-47_44,vis_2026-04-20_09-03-49_46,0.5999631045935243,0.5635190282422411,0.5678825388541366
vis_2026-04-20_09-03-49_46,consolidated_memory,raw_memories,raw_memories/vis_2026-04-20_09-03-49_46,2026-04-20_09-03-49,1776647029.0410209,-0.0012988155166247677,0.18811574578285217,4.285926818847656,1.0,aud_2026-04-20_09-03-49_4,True,None,False,vis_2026-04-20_09-03-48_45,vis_2026-04-20_09-03-49_47,0.6726686823868119,0.5373529524491166,0.5086930786144114
vis_2026-04-20_09-03-49_47,consolidated_memory,raw_memories,raw_memories/vis_2026-04-20_09-03-49_47,2026-04-20_09-03-49,1776647029.7231965,0.0660441292817223,0.26181110739707947,3.3907394409179688,1.0,None,False,None,False,vis_2026-04-20_09-03-49_46,vis_2026-04-20_09-03-50_48,0.6942455447407109,0.5269269216782078,0.4902765982773412
vis_2026-04-20_09-03-50_48,consolidated_memory,raw_memories,raw_memories/vis_2026-04-20_09-03-50_48,2026-04-20_09-03-50,1776647030.4035964,0.040273231782826685,-0.14196538925170898,1.2103691101074219,1.0,None,False,None,False,vis_2026-04-20_09-03-49_47,vis_2026-04-20_09-03-51_49,0.6319363849909225,0.5551655081109226,0.5407843044398994
vis_2026-04-20_09-03-51_49,consolidated_memory,raw_memories,raw_memories/vis_2026-04-20_09-03-51_49,2026-04-20_09-03-51,1776647031.1852376,0.005357443721828287,-0.03529781475663185,6.858516693115234,1.0,None,False,None,False,vis_2026-04-20_09-03-50_48,vis_2026-04-20_09-03-51_50,0.6286643300384077,0.5476623354372254,0.5521296283308875
vis_2026-04-20_09-03-51_50,consolidated_memory,raw_memories,raw_memories/vis_2026-04-20_09-03-51_50,2026-04-20_09-03-51,1776647031.7519813,-0.006622063475960913,0.007762046996504068,7.9851837158203125,1.0,None,False,None,False,vis_2026-04-20_09-03-51_49,vis_2026-04-20_09-03-52_51,0.617589567165212,0.5551538008381284,0.5571242087215973
vis_2026-04-20_09-03-52_51,consolidated_memory,raw_memories,raw_memories/vis_2026-04-20_09-03-52_51,2026-04-20_09-03-52,1776647032.6499865,-0.024808290698532756,-0.15893566608428955,3.497037887573242,1.0,None,False,None,False,vis_2026-04-20_09-03-51_50,vis_2026-04-20_09-03-53_52,0.6359349157228991,0.5427817850126416,0.5486116265838701
vis_2026-04-20_09-03-53_52,consolidated_memory,raw_memories,raw_memories/vis_2026-04-20_09-03-53_52,2026-04-20_09-03-53,1776647033.190683,-0.010899590272662957,0.04045308381319046,44.55963134765625,1.0,None,False,None,False,vis_2026-04-20_09-03-52_51,vis_2026-04-20_09-03-54_53,0.3916580742641433,0.6130569171078429,0.6861232901235246
vis_2026-04-20_09-03-54_53,consolidated_memory,raw_memories,raw_memories/vis_2026-04-20_09-03-54_53,2026-04-20_09-03-54,1776647034.2229097,0.013673411903206017,-0.18004091084003448,3.763704299926758,1.0,None,False,None,False,vis_2026-04-20_09-03-53_52,vis_2026-04-20_09-03-55_54,0.4302405983875396,0.6111614979532835,0.6643603321380881
vis_2026-04-20_09-03-55_54,consolidated_memory,raw_memories,raw_memories/vis_2026-04-20_09-03-55_54,2026-04-20_09-03-55,1776647035.8047674,-0.015178030977690951,-0.20586442947387695,1.9225921630859375,1.0,None,False,None,False,vis_2026-04-20_09-03-54_53,vis_2026-04-20_09-03-57_55,0.5583437346335894,0.5706924005967172,0.6021315951655184
vis_2026-04-20_09-03-57_55,consolidated_memory,raw_memories,raw_memories/vis_2026-04-20_09-03-57_55,2026-04-20_09-03-57,1776647037.1373546,-0.021319080935377602,-0.08601422607898712,5.141109466552734,1.0,None,False,None,False,vis_2026-04-20_09-03-55_54,vis_2026-04-20_09-03-57_56,0.5294430469251123,0.58762043474955,0.6118760370593077
vis_2026-04-20_09-03-57_56,consolidated_memory,raw_memories,raw_memories/vis_2026-04-20_09-03-57_56,2026-04-20_09-03-57,1776647037.7843454,-0.015324002313288076,-0.053679194301366806,23.837406158447266,1.0,None,False,None,False,vis_2026-04-20_09-03-57_55,vis_2026-04-20_09-03-58_57,0.5782818793986915,0.5647064391994977,0.5888095664013461
vis_2026-04-20_09-03-58_57,consolidated_memory,raw_memories,raw_memories/vis_2026-04-20_09-03-58_57,2026-04-20_09-03-58,1776647038.788878,-0.012223740418536477,-0.03824448958039284,5.23481559753418,1.0,None,False,None,False,vis_2026-04-20_09-03-57_56,vis_2026-04-20_09-03-59_58,0.6785154882751684,0.5220207532318905,0.5168278875659861
vis_2026-04-20_09-03-59_58,consolidated_memory,raw_memories,raw_memories/vis_2026-04-20_09-03-59_58,2026-04-20_09-03-59,1776647039.8420184,-0.016561998389841563,-0.05183377116918564,1.3803634643554688,1.0,None,False,None,False,vis_2026-04-20_09-03-58_57,vis_2026-04-20_09-04-00_59,0.6537452189651014,0.5372881558873265,0.532858917747904
vis_2026-04-20_09-04-00_59,consolidated_memory,raw_memories,raw_memories/vis_2026-04-20_09-04-00_59,2026-04-20_09-04-00,1776647040.3995898,-0.008871856094971197,0.07368212938308716,2.5974044799804688,1.0,None,False,None,False,vis_2026-04-20_09-03-59_58,vis_2026-04-20_09-04-01_60,0.6274014682082358,0.5513434350881541,0.5498980035200569
vis_2026-04-20_09-04-01_60,consolidated_memory,raw_memories,raw_memories/vis_2026-04-20_09-04-01_60,2026-04-20_09-04-01,1776647041.355252,-0.017216334266330954,-0.09068021923303604,10.32037353515625,1.0,None,False,None,False,vis_2026-04-20_09-04-00_59,vis_2026-04-20_09-04-02_61,0.6356228481611266,0.5505087279019452,0.5412242930609448
vis_2026-04-20_09-04-02_61,consolidated_memory,raw_memories,raw_memories/vis_2026-04-20_09-04-02_61,2026-04-20_09-04-02,1776647042.0288534,0.06861955884979222,-0.08750070631504059,2.3844451904296875,1.0,aud_2026-04-20_09-04-02_7,True,None,False,vis_2026-04-20_09-04-01_60,vis_2026-04-20_09-04-02_62,0.6109292896128521,0.5604261222008563,0.55918508979411
vis_2026-04-20_09-04-02_62,consolidated_memory,raw_memories,raw_memories/vis_2026-04-20_09-04-02_62,2026-04-20_09-04-02,1776647042.9432456,0.011397995452463623,0.5114400386810303,4.832592010498047,1.0,aud_2026-04-20_09-04-03_8,True,None,False,vis_2026-04-20_09-04-02_61,vis_2026-04-20_09-04-05_63,0.6408676400480595,0.5462127535493357,0.539388816902319
vis_2026-04-20_09-04-05_63,consolidated_memory,raw_memories,raw_memories/vis_2026-04-20_09-04-05_63,2026-04-20_09-04-05,1776647045.4337854,-0.01815998589141882,-0.12611964344978333,1.0374088287353516,1.0,None,False,None,False,vis_2026-04-20_09-04-02_62,vis_2026-04-20_09-04-06_64,0.6196160063379915,0.5544797841306282,0.5555431339511001
vis_2026-04-20_09-04-06_64,consolidated_memory,raw_memories,raw_memories/vis_2026-04-20_09-04-06_64,2026-04-20_09-04-06,1776647046.166852,-0.014202231614834325,-0.04237894341349602,5.119629859924316,1.0,None,False,None,False,vis_2026-04-20_09-04-05_63,vis_2026-04-20_09-04-06_65,0.5826573134818569,0.5609847019161966,0.5880532452610912
vis_2026-04-20_09-04-06_65,consolidated_memory,raw_memories,raw_memories/vis_2026-04-20_09-04-06_65,2026-04-20_09-04-06,1776647046.6675055,-0.01864665037719768,0.36075037717819214,3.194814682006836,1.0,aud_2026-04-20_09-04-06_9,True,None,False,vis_2026-04-20_09-04-06_64,vis_2026-04-20_09-04-08_66,0.4336902718769718,0.6163235400890944,0.6573112215772106
vis_2026-04-20_09-04-08_66,consolidated_memory,raw_memories,raw_memories/vis_2026-04-20_09-04-08_66,2026-04-20_09-04-08,1776647048.6729882,-0.01623601543888675,-0.024505097419023514,3.01296329498291,1.0,aud_2026-04-20_09-04-09_10,True,None,False,vis_2026-04-20_09-04-06_65,vis_2026-04-20_09-04-09_67,0.478949276339601,0.6135198459907398,0.6278542739117665
vis_2026-04-20_09-04-09_67,consolidated_memory,raw_memories,raw_memories/vis_2026-04-20_09-04-09_67,2026-04-20_09-04-09,1776647049.2050755,0.0022546358927041567,0.1625441014766693,7.14555549621582,1.0,aud_2026-04-20_09-04-09_11,True,None,False,vis_2026-04-20_09-04-08_66,vis_2026-04-20_09-04-11_68,0.5138887947759117,0.5918492102258046,0.6209934129754132
vis_2026-04-20_09-04-11_68,consolidated_memory,raw_memories,raw_memories/vis_2026-04-20_09-04-11_68,2026-04-20_09-04-11,1776647051.6278918,0.07492251863462152,-0.032810550183057785,0.2729644775390625,1.0,None,False,None,False,vis_2026-04-20_09-04-09_67,vis_2026-04-20_09-04-12_69,0.5611018809656482,0.5774623900532704,0.5930445744214984
vis_2026-04-20_09-04-12_69,consolidated_memory,raw_memories,raw_memories/vis_2026-04-20_09-04-12_69,2026-04-20_09-04-12,1776647052.294955,-0.043058175317375165,-0.05466368421912193,1.3574066162109375,1.0,None,False,None,False,vis_2026-04-20_09-04-11_68,vis_2026-04-20_09-04-13_70,0.5688068913800489,0.5742702618512088,0.5887889152080814
vis_2026-04-20_09-04-13_70,consolidated_memory,raw_memories,raw_memories/vis_2026-04-20_09-04-13_70,2026-04-20_09-04-13,1776647053.1062336,-0.05519035799971371,-0.0555974505841732,5.782218933105469,1.0,None,False,None,False,vis_2026-04-20_09-04-12_69,vis_2026-04-20_09-04-14_71,0.5394538388318237,0.585292102586177,0.6053285970610184
vis_2026-04-20_09-04-14_71,consolidated_memory,raw_memories,raw_memories/vis_2026-04-20_09-04-14_71,2026-04-20_09-04-14,1776647054.5199666,0.23693528888061705,0.01839669607579708,1.501852035522461,1.1,None,False,None,False,vis_2026-04-20_09-04-13_70,vis_2026-04-20_09-04-15_72,0.5262236313932676,0.5935239717208199,0.6089482611487004
vis_2026-04-20_09-04-15_72,consolidated_memory,raw_memories,raw_memories/vis_2026-04-20_09-04-15_72,2026-04-20_09-04-15,1776647055.061884,0.01575554414799834,-0.06634684652090073,16.191112518310547,1.0,None,False,None,False,vis_2026-04-20_09-04-14_71,vis_2026-04-20_09-04-15_73,0.5308984992183292,0.5891480827474462,0.6091398198465882
vis_2026-04-20_09-04-15_73,consolidated_memory,raw_memories,raw_memories/vis_2026-04-20_09-04-15_73,2026-04-20_09-04-15,1776647055.8347797,-0.05558719089175815,-0.11299360543489456,1.4192619323730469,1.0,None,False,None,False,vis_2026-04-20_09-04-15_72,vis_2026-04-20_09-04-16_74,0.554817836132252,0.5720722398754943,0.6040782408540806
vis_2026-04-20_09-04-16_74,consolidated_memory,raw_memories,raw_memories/vis_2026-04-20_09-04-16_74,2026-04-20_09-04-16,1776647056.586965,-0.05513933195457108,-0.13271626830101013,2.63037109375,1.0,None,False,None,False,vis_2026-04-20_09-04-15_73,vis_2026-04-20_09-04-17_75,0.600398166554409,0.5606715039343275,0.5702363600070794
vis_2026-04-20_09-04-17_75,consolidated_memory,raw_memories,raw_memories/vis_2026-04-20_09-04-17_75,2026-04-20_09-04-17,1776647057.7169433,-0.02824011408751327,-0.02739119902253151,4.540367126464844,1.0,None,False,None,False,vis_2026-04-20_09-04-16_74,vis_2026-04-20_09-04-18_76,0.6160827842007872,0.5495099483497558,0.5643410490794153
vis_2026-04-20_09-04-18_76,consolidated_memory,raw_memories,raw_memories/vis_2026-04-20_09-04-18_76,2026-04-20_09-04-18,1776647058.2371469,-0.021773818542014864,0.01432146318256855,6.557407379150391,1.1,None,False,None,False,vis_2026-04-20_09-04-17_75,vis_2026-04-20_09-04-18_77,0.6330319709122173,0.5398684785787458,0.5548085702655141
vis_2026-04-20_09-04-18_77,consolidated_memory,raw_memories,raw_memories/vis_2026-04-20_09-04-18_77,2026-04-20_09-04-18,1776647058.868908,-0.01738162198836213,-0.020803336054086685,0.5074062347412109,1.0,None,False,None,False,vis_2026-04-20_09-04-18_76,vis_2026-04-20_09-04-21_78,0.603280938832296,0.5547551459705717,0.5729736790296682
vis_2026-04-20_09-04-21_78,consolidated_memory,raw_memories,raw_memories/vis_2026-04-20_09-04-21_78,2026-04-20_09-04-21,1776647061.6994188,-0.020900940638401887,-0.12953294813632965,3.7125930786132812,1.0,None,False,None,False,vis_2026-04-20_09-04-18_77,vis_2026-04-20_09-04-22_79,0.6133029415184257,0.5610362866349978,0.5559656347326325
vis_2026-04-20_09-04-22_79,consolidated_memory,raw_memories,raw_memories/vis_2026-04-20_09-04-22_79,2026-04-20_09-04-22,1776647062.6046803,-0.012794471947014415,-0.016648441553115845,10.85110855102539,1.0,None,False,None,False,vis_2026-04-20_09-04-21_78,vis_2026-04-20_09-04-23_80,0.6218266010151646,0.5533467444220208,0.5542012799583541
vis_2026-04-20_09-04-23_80,consolidated_memory,raw_memories,raw_memories/vis_2026-04-20_09-04-23_80,2026-04-20_09-04-23,1776647063.4559994,-0.012021001815879218,0.009294859133660793,0.980743408203125,1.0,None,False,None,False,vis_2026-04-20_09-04-22_79,vis_2026-04-20_09-04-24_81,0.6247368561141414,0.5513547487203959,0.5529121102635461
vis_2026-04-20_09-04-24_81,consolidated_memory,raw_memories,raw_memories/vis_2026-04-20_09-04-24_81,2026-04-20_09-04-24,1776647064.47971,-0.010748739641032451,0.054709237068891525,9.799999237060547,1.0,None,False,None,False,vis_2026-04-20_09-04-23_80,vis_2026-04-20_09-04-25_82,0.625524079520269,0.5479512564793886,0.5553998977880527
vis_2026-04-20_09-04-25_82,consolidated_memory,raw_memories,raw_memories/vis_2026-04-20_09-04-25_82,2026-04-20_09-04-25,1776647065.7293577,-0.025962115561528738,-0.17383259534835815,3.4933319091796875,1.0,None,False,None,False,vis_2026-04-20_09-04-24_81,vis_2026-04-20_09-04-26_83,0.6260940189177828,0.5495508743688476,0.5531727722473458
vis_2026-04-20_09-04-26_83,consolidated_memory,raw_memories,raw_memories/vis_2026-04-20_09-04-26_83,2026-04-20_09-04-26,1776647066.6649404,0.33474611059197373,0.044913653284311295,9.910369873046875,1.0,None,False,None,False,vis_2026-04-20_09-04-25_82,vis_2026-04-20_09-04-27_84,0.6477627369701541,0.5400623085516074,0.5373417343505372
vis_2026-04-20_09-04-27_84,consolidated_memory,raw_memories,raw_memories/vis_2026-04-20_09-04-27_84,2026-04-20_09-04-27,1776647067.2990472,0.15349872562370187,-0.08848705142736435,2.382221221923828,1.0,aud_2026-04-20_09-04-27_13,True,None,False,vis_2026-04-20_09-04-26_83,vis_2026-04-20_09-04-27_85,0.6411916646467433,0.5462379966934505,0.5389780145385007
vis_2026-04-20_09-04-27_85,consolidated_memory,raw_memories,raw_memories/vis_2026-04-20_09-04-27_85,2026-04-20_09-04-27,1776647067.7930305,0.04365386834821484,-0.014536526054143906,9.31222152709961,1.0,aud_2026-04-20_09-04-28_14,True,None,False,vis_2026-04-20_09-04-27_84,vis_2026-04-20_09-04-31_86,0.5866458828591886,0.5696846970832224,0.5755918293665748
vis_2026-04-20_09-04-31_86,consolidated_memory,raw_memories,raw_memories/vis_2026-04-20_09-04-31_86,2026-04-20_09-04-31,1776647071.8736653,-0.01917411823209092,-0.11808758974075317,9.835556030273438,1.0,None,False,None,False,vis_2026-04-20_09-04-27_85,vis_2026-04-20_09-04-32_87,0.6013099726636878,0.5616114198983158,0.5683475431591067
vis_2026-04-20_09-04-32_87,consolidated_memory,raw_memories,raw_memories/vis_2026-04-20_09-04-32_87,2026-04-20_09-04-32,1776647072.5441933,-0.03368616811681219,0.0025120163336396217,2.8388900756835938,1.0,None,False,None,False,vis_2026-04-20_09-04-31_86,vis_2026-04-20_09-04-33_88,0.4168962398816035,0.6178420664518102,0.666684862656366
vis_2026-04-20_09-04-33_88,consolidated_memory,raw_memories,raw_memories/vis_2026-04-20_09-04-33_88,2026-04-20_09-04-33,1776647073.050307,-0.031655162651158454,0.012559750117361546,2.410003662109375,1.0,None,False,None,False,vis_2026-04-20_09-04-32_87,vis_2026-04-20_09-04-34_89,0.4529543096942836,0.6101062944418797,0.650078997362454
vis_2026-04-20_09-04-34_89,consolidated_memory,raw_memories,raw_memories/vis_2026-04-20_09-04-34_89,2026-04-20_09-04-34,1776647074.0766523,-0.029592867928570146,-0.0637940838932991,20.12296485900879,1.0,None,False,None,False,vis_2026-04-20_09-04-33_88,vis_2026-04-20_09-04-34_90,0.6857498975464307,0.5239571468341143,0.5051890599533152
vis_2026-04-20_09-04-34_90,consolidated_memory,raw_memories,raw_memories/vis_2026-04-20_09-04-34_90,2026-04-20_09-04-34,1776647074.6828442,-0.016854258989901765,0.051002152264118195,2.0911102294921875,1.0,None,False,None,False,vis_2026-04-20_09-04-34_89,vis_2026-04-20_09-04-35_91,0.6499392526573845,0.5438201777657349,0.5308847164027282
vis_2026-04-20_09-04-35_91,consolidated_memory,raw_memories,raw_memories/vis_2026-04-20_09-04-35_91,2026-04-20_09-04-35,1776647075.340888,-0.03272830783504254,-0.1927950531244278,10.044073104858398,1.0,None,False,None,False,vis_2026-04-20_09-04-34_90,vis_2026-04-20_09-04-36_92,0.6572851143652491,0.5424802527567011,0.5231552865095479
vis_2026-04-20_09-04-36_92,consolidated_memory,raw_memories,raw_memories/vis_2026-04-20_09-04-36_92,2026-04-20_09-04-36,1776647076.0573094,-0.016735507595071634,-0.04215675964951515,6.531482696533203,1.0,None,False,None,False,vis_2026-04-20_09-04-35_91,vis_2026-04-20_09-04-37_93,0.6369256400471512,0.5534922744109169,0.5366302555931384
vis_2026-04-20_09-04-37_93,consolidated_memory,raw_memories,raw_memories/vis_2026-04-20_09-04-37_93,2026-04-20_09-04-37,1776647077.1951587,-0.00798259443185465,0.03997892141342163,1.4211101531982422,1.0,None,False,None,False,vis_2026-04-20_09-04-36_92,vis_2026-04-20_09-04-37_94,0.5728161892754787,0.5842466571842974,0.5749238705019065
vis_2026-04-20_09-04-37_94,consolidated_memory,raw_memories,raw_memories/vis_2026-04-20_09-04-37_94,2026-04-20_09-04-37,1776647077.989164,0.018614675913714,-0.030172336846590042,1.8877754211425781,1.0,None,False,None,False,vis_2026-04-20_09-04-37_93,vis_2026-04-20_09-04-39_95,0.6061730196084397,0.5569991095425713,0.5677202323923016
vis_2026-04-20_09-04-39_95,consolidated_memory,raw_memories,raw_memories/vis_2026-04-20_09-04-39_95,2026-04-20_09-04-39,1776647079.3735373,0.05403905103232985,-0.047631651163101196,5.642963409423828,1.0,None,False,None,False,vis_2026-04-20_09-04-37_94,vis_2026-04-20_09-04-40_96,0.4857647116986269,0.5703734384980779,0.6623494436656749
vis_2026-04-20_09-04-40_96,consolidated_memory,raw_memories,raw_memories/vis_2026-04-20_09-04-40_96,2026-04-20_09-04-40,1776647080.4326828,-0.011251266257109148,-0.15218229591846466,1.2400016784667969,1.0,None,False,None,False,vis_2026-04-20_09-04-39_95,vis_2026-04-20_09-04-40_97,0.6342794951897374,0.5534548029346336,0.539793759773525
vis_2026-04-20_09-04-40_97,consolidated_memory,raw_memories,raw_memories/vis_2026-04-20_09-04-40_97,2026-04-20_09-04-40,1776647080.9434953,-0.01777148672537093,-0.16767553985118866,12.128887176513672,1.0,None,False,None,False,vis_2026-04-20_09-04-40_96,vis_2026-04-20_09-04-41_98,0.6413360852418599,0.5492595533006047,0.5357256470196903
vis_2026-04-20_09-04-41_98,consolidated_memory,raw_memories,raw_memories/vis_2026-04-20_09-04-41_98,2026-04-20_09-04-41,1776647081.5232768,-0.008151821162018616,-0.08109061419963837,4.3333330154418945,1.0,None,False,None,False,vis_2026-04-20_09-04-40_97,vis_2026-04-20_09-04-42_99,0.6689155825753456,0.5426076313951224,0.5080638756491759
vis_2026-04-20_09-04-42_100,consolidated_memory,raw_memories,raw_memories/vis_2026-04-20_09-04-42_100,2026-04-20_09-04-42,1776647082.9071813,-0.004432963457141163,0.3467765748500824,0.39185142517089844,1.1,aud_2026-04-20_09-04-43_18,True,None,False,vis_2026-04-20_09-04-42_99,vis_2026-04-20_09-04-43_101,0.6910867401141148,0.5190129656056244,0.5030155655361979
vis_2026-04-20_09-04-42_99,consolidated_memory,raw_memories,raw_memories/vis_2026-04-20_09-04-42_99,2026-04-20_09-04-42,1776647082.1252275,-0.003362533248006055,0.07616548240184784,3.922962188720703,1.0,None,False,None,False,vis_2026-04-20_09-04-41_98,vis_2026-04-20_09-04-42_100,0.7629664156614556,0.5175035692423394,0.38739166794621455
vis_2026-04-20_09-04-43_101,consolidated_memory,raw_memories,raw_memories/vis_2026-04-20_09-04-43_101,2026-04-20_09-04-43,1776647083.420807,-0.004637139721814153,0.921661913394928,10.66185188293457,1.0,aud_2026-04-20_09-04-43_19,True,None,False,vis_2026-04-20_09-04-42_100,vis_2026-04-20_09-04-45_102,0.5512329611056243,0.5964570761436722,0.5834219561422651
vis_2026-04-20_09-04-45_102,consolidated_memory,raw_memories,raw_memories/vis_2026-04-20_09-04-45_102,2026-04-20_09-04-45,1776647085.8979108,0.056958415598094385,-0.14772099256515503,9.423702239990234,1.0,None,False,None,False,vis_2026-04-20_09-04-43_101,vis_2026-04-20_09-04-46_103,0.5828987168848706,0.5636476332115011,0.5852609942829309
vis_2026-04-20_09-04-46_103,consolidated_memory,raw_memories,raw_memories/vis_2026-04-20_09-04-46_103,2026-04-20_09-04-46,1776647086.9969718,0.030505760880747936,-0.09433804452419281,30.4781494140625,1.0,None,False,None,False,vis_2026-04-20_09-04-45_102,vis_2026-04-20_09-04-48_104,0.5974773342432279,0.5657200289437098,0.5683147753820363
vis_2026-04-20_09-04-48_104,consolidated_memory,raw_memories,raw_memories/vis_2026-04-20_09-04-48_104,2026-04-20_09-04-48,1776647088.246489,-0.024632177855105672,-0.2392808198928833,3.7488880157470703,1.0,None,False,None,False,vis_2026-04-20_09-04-46_103,vis_2026-04-20_09-04-48_105,0.6012750883612573,0.5662701320450464,0.563743208978918
vis_2026-04-20_09-04-48_105,consolidated_memory,raw_memories,raw_memories/vis_2026-04-20_09-04-48_105,2026-04-20_09-04-48,1776647088.8766677,-0.018958511486683077,-0.11251469701528549,5.117404937744141,1.0,None,False,None,False,vis_2026-04-20_09-04-48_104,vis_2026-04-20_09-04-49_106,0.5973834432926767,0.5770307706328895,0.5569277434484646
vis_2026-04-20_09-04-49_106,consolidated_memory,raw_memories,raw_memories/vis_2026-04-20_09-04-49_106,2026-04-20_09-04-49,1776647089.4959075,-0.01970870824747639,-0.09493378549814224,1.9814815521240234,1.0,None,False,None,False,vis_2026-04-20_09-04-48_105,vis_2026-04-20_09-04-50_107,0.5900736967863823,0.5741520802018628,0.5675935351646687
vis_2026-04-20_09-04-50_107,consolidated_memory,raw_memories,raw_memories/vis_2026-04-20_09-04-50_107,2026-04-20_09-04-50,1776647090.1824665,-0.022534979509097663,-0.15106333792209625,6.971485137939453,1.0,None,False,None,False,vis_2026-04-20_09-04-49_106,vis_2026-04-20_09-04-51_108,0.6009976517560254,0.5673653973278047,0.5629372331786249
vis_2026-04-20_09-04-51_108,consolidated_memory,raw_memories,raw_memories/vis_2026-04-20_09-04-51_108,2026-04-20_09-04-51,1776647091.8084323,-0.016976512686221877,-0.07602407783269882,6.0640716552734375,1.0,None,False,None,False,vis_2026-04-20_09-04-50_107,vis_2026-04-20_09-04-52_109,0.595376421569124,0.5703678889089872,0.5658687020334753
vis_2026-04-20_09-04-52_109,consolidated_memory,raw_memories,raw_memories/vis_2026-04-20_09-04-52_109,2026-04-20_09-04-52,1776647092.6702116,-0.014799325766136816,-0.07085135579109192,7.6237030029296875,1.0,None,False,None,False,vis_2026-04-20_09-04-51_108,vis_2026-04-20_09-04-55_110,0.5904343132635251,0.5725086349162603,0.5688771261593752
vis_2026-04-20_09-04-55_110,consolidated_memory,raw_memories,raw_memories/vis_2026-04-20_09-04-55_110,2026-04-20_09-04-55,1776647095.2458358,-0.06712253793533052,0.11633288860321045,1.9892597198486328,1.0,aud_2026-04-20_09-04-55_22,True,None,False,vis_2026-04-20_09-04-52_109,vis_2026-04-20_09-04-55_111,0.5896966014146027,0.5745063486035697,0.5676269670252294
vis_2026-04-20_09-04-55_111,consolidated_memory,raw_memories,raw_memories/vis_2026-04-20_09-04-55_111,2026-04-20_09-04-55,1776647095.9612155,-0.16290205188753948,0.21142353117465973,20.204444885253906,1.0,None,False,None,False,vis_2026-04-20_09-04-55_110,vis_2026-04-20_09-04-59_112,0.640167324031984,0.5552924349869207,0.5308823870576471
vis_2026-04-20_09-04-59_112,consolidated_memory,raw_memories,raw_memories/vis_2026-04-20_09-04-59_112,2026-04-20_09-04-59,1776647099.3214562,-0.005486023103799348,-0.09199776500463486,1.9462966918945312,1.0,None,False,None,False,vis_2026-04-20_09-04-55_111,vis_2026-04-20_09-05-00_113,0.5836923395135276,0.5744787746445384,0.5738269689341329
vis_2026-04-20_09-05-00_113,consolidated_memory,raw_memories,raw_memories/vis_2026-04-20_09-05-00_113,2026-04-20_09-05-00,1776647100.505978,-0.08317440046009093,-0.11856865882873535,3.0014801025390625,1.0,None,False,None,False,vis_2026-04-20_09-04-59_112,vis_2026-04-20_09-05-01_114,0.6149327725805929,0.5621415117236696,0.5530412335471673
vis_2026-04-20_09-05-01_114,consolidated_memory,raw_memories,raw_memories/vis_2026-04-20_09-05-01_114,2026-04-20_09-05-01,1776647101.1909504,-0.08381335009486086,-0.27668121457099915,1.6922225952148438,1.0,None,False,None,False,vis_2026-04-20_09-05-00_113,vis_2026-04-20_09-05-01_115,0.610028243375552,0.5627140827557546,0.5578695217992178
vis_2026-04-20_09-05-01_115,consolidated_memory,raw_memories,raw_memories/vis_2026-04-20_09-05-01_115,2026-04-20_09-05-01,1776647101.9279282,-0.04765793601152262,-0.02316964417695999,11.938888549804688,1.0,None,False,None,False,vis_2026-04-20_09-05-01_114,vis_2026-04-20_09-05-03_116,0.6108317307663269,0.5521714115651916,0.5674427979445306
vis_2026-04-20_09-05-03_116,consolidated_memory,raw_memories,raw_memories/vis_2026-04-20_09-05-03_116,2026-04-20_09-05-03,1776647103.5945368,-0.02733485636109463,-0.08371561765670776,7.937034606933594,1.0,None,False,None,False,vis_2026-04-20_09-05-01_115,vis_2026-04-20_09-05-04_117,0.6081942317615696,0.5595363615854345,0.5630442580434403
vis_2026-04-20_09-05-04_117,consolidated_memory,raw_memories,raw_memories/vis_2026-04-20_09-05-04_117,2026-04-20_09-05-04,1776647104.1534162,-0.014190976936435078,0.050442639738321304,7.654445648193359,1.0,None,False,None,False,vis_2026-04-20_09-05-03_116,vis_2026-04-20_09-05-04_118,0.5951535755871712,0.5618959062628955,0.5745130216024739
vis_2026-04-20_09-05-04_118,consolidated_memory,raw_memories,raw_memories/vis_2026-04-20_09-05-04_118,2026-04-20_09-05-04,1776647104.8424778,-0.014634412184405093,0.049951352179050446,3.625185012817383,1.0,None,False,None,False,vis_2026-04-20_09-05-04_117,vis_2026-04-20_09-05-05_119,0.6097960155160241,0.5619611846594104,0.5588814242726026
vis_2026-04-20_09-05-05_119,consolidated_memory,raw_memories,raw_memories/vis_2026-04-20_09-05-05_119,2026-04-20_09-05-05,1776647105.4004366,-0.0003329445421163691,0.01397763192653656,1.578521728515625,1.0,None,False,None,False,vis_2026-04-20_09-05-04_118,vis_2026-04-20_09-05-05_120,0.6012002292264775,0.5595800847488204,0.5704633319772042
vis_2026-04-20_09-05-05_120,consolidated_memory,raw_memories,raw_memories/vis_2026-04-20_09-05-05_120,2026-04-20_09-05-05,1776647105.99591,0.005376963646782131,0.03662991523742676,14.82073974609375,1.0,None,False,None,False,vis_2026-04-20_09-05-05_119,vis_2026-04-20_09-05-06_121,0.5891835625940013,0.5666314970278608,0.5760134339969911
vis_2026-04-20_09-05-06_121,consolidated_memory,raw_memories,raw_memories/vis_2026-04-20_09-05-06_121,2026-04-20_09-05-06,1776647106.5037131,-0.010250504193882836,-0.06513945758342743,0.4796295166015625,1.0,None,False,None,False,vis_2026-04-20_09-05-05_120,vis_2026-04-20_09-05-07_122,0.5844170626184538,0.5620279382308835,0.5853044451978479
vis_2026-04-20_09-05-07_122,consolidated_memory,raw_memories,raw_memories/vis_2026-04-20_09-05-07_122,2026-04-20_09-05-07,1776647107.0890048,-0.0263646097854467,-0.21222366392612457,3.375185012817383,1.0,None,False,None,False,vis_2026-04-20_09-05-06_121,vis_2026-04-20_09-05-07_123,0.5739855407124399,0.5667938478152537,0.591003665920802
vis_2026-04-20_09-05-07_123,consolidated_memory,raw_memories,raw_memories/vis_2026-04-20_09-05-07_123,2026-04-20_09-05-07,1776647107.9089952,-0.032308583953970765,-0.2521074116230011,0.6985187530517578,1.0,None,False,None,False,vis_2026-04-20_09-05-07_122,vis_2026-04-20_09-05-08_124,0.5768881582014982,0.5630179418892793,0.5917861522861475
vis_2026-04-20_09-05-08_124,consolidated_memory,raw_memories,raw_memories/vis_2026-04-20_09-05-08_124,2026-04-20_09-05-08,1776647108.6370487,-0.028020981104628494,-0.19598634541034698,3.713703155517578,1.0,None,False,None,False,vis_2026-04-20_09-05-07_123,vis_2026-04-20_09-05-09_125,0.5906772897499377,0.5634554362251407,0.5775970141560676
vis_2026-04-20_09-05-09_125,consolidated_memory,raw_memories,raw_memories/vis_2026-04-20_09-05-09_125,2026-04-20_09-05-09,1776647109.532769,0.07145998372181181,-0.19915908575057983,17.55740737915039,1.0,None,False,None,False,vis_2026-04-20_09-05-08_124,vis_2026-04-20_09-05-10_126,0.5648118385749038,0.5772453772954114,0.589724818365918
vis_2026-04-20_09-05-10_126,consolidated_memory,raw_memories,raw_memories/vis_2026-04-20_09-05-10_126,2026-04-20_09-05-10,1776647110.0620403,0.03057121785908149,-0.1303567886352539,2.6677780151367188,1.0,None,False,None,False,vis_2026-04-20_09-05-09_125,vis_2026-04-20_09-05-10_127,0.533346353444019,0.566193584782571,0.6284635962560036
vis_2026-04-20_09-05-10_127,consolidated_memory,raw_memories,raw_memories/vis_2026-04-20_09-05-10_127,2026-04-20_09-05-10,1776647110.622181,0.015015682126526259,-0.0051835933700203896,9.205184936523438,1.0,None,False,None,False,vis_2026-04-20_09-05-10_126,vis_2026-04-20_09-05-11_128,0.5556816884000532,0.5785472382592003,0.597077008667658
vis_2026-04-20_09-05-11_128,consolidated_memory,raw_memories,raw_memories/vis_2026-04-20_09-05-11_128,2026-04-20_09-05-11,1776647111.3839793,-0.020272562746481922,-0.21376630663871765,1.913330078125,1.0,None,False,None,False,vis_2026-04-20_09-05-10_127,vis_2026-04-20_09-05-12_129,0.5683974641501905,0.5761858421353935,0.5873109892300332
vis_2026-04-20_09-05-12_129,consolidated_memory,raw_memories,raw_memories/vis_2026-04-20_09-05-12_129,2026-04-20_09-05-12,1776647112.2629952,-0.010113130258249874,-0.01976054348051548,10.474445343017578,1.0,aud_2026-04-20_09-05-12_26,True,None,False,vis_2026-04-20_09-05-11_128,vis_2026-04-20_09-05-18_130,0.5890664868775783,0.5699113952346824,0.5728888859275989
vis_2026-04-20_09-05-18_130,consolidated_memory,raw_memories,raw_memories/vis_2026-04-20_09-05-18_130,2026-04-20_09-05-18,1776647118.6903148,-0.008314251654862445,-0.15012682974338531,2.1455535888671875,1.0,None,False,None,False,vis_2026-04-20_09-05-12_129,vis_2026-04-20_09-05-20_131,0.595628548002495,0.5652597118367428,0.5707084115191241
vis_2026-04-20_09-05-20_131,consolidated_memory,raw_memories,raw_memories/vis_2026-04-20_09-05-20_131,2026-04-20_09-05-20,1776647120.8827364,-0.013168636782335978,-0.0448911190032959,0.6429595947265625,1.0,None,False,None,False,vis_2026-04-20_09-05-18_130,vis_2026-04-20_09-05-22_132,0.5970310085878452,0.5685780175506461,0.5659266849537647
vis_2026-04-20_09-05-22_132,consolidated_memory,raw_memories,raw_memories/vis_2026-04-20_09-05-22_132,2026-04-20_09-05-22,1776647122.2934349,0.04968113562859251,0.10544203221797943,4.616294860839844,1.0,aud_2026-04-20_09-05-23_30,True,None,False,vis_2026-04-20_09-05-20_131,vis_2026-04-20_09-05-22_133,0.5913009910191049,0.5718691304876684,0.5686201153802972
vis_2026-04-20_09-05-22_133,consolidated_memory,raw_memories,raw_memories/vis_2026-04-20_09-05-22_133,2026-04-20_09-05-22,1776647122.8461642,0.02667707759491644,0.4335336983203888,6.868518829345703,1.0,aud_2026-04-20_09-05-23_30,True,None,False,vis_2026-04-20_09-05-22_132,vis_2026-04-20_09-05-31_134,0.5848704488149109,0.5748071909779409,0.5722964715102598
vis_2026-04-20_09-05-31_134,consolidated_memory,raw_memories,raw_memories/vis_2026-04-20_09-05-31_134,2026-04-20_09-05-31,1776647131.8831053,-0.01630560092306837,-0.24359148740768433,1.4181480407714844,1.0,None,False,None,False,vis_2026-04-20_09-05-22_133,vis_2026-04-20_09-05-32_135,0.6528032687519573,0.5296747512821093,0.5415649085391293
vis_2026-04-20_09-05-32_135,consolidated_memory,raw_memories,raw_memories/vis_2026-04-20_09-05-32_135,2026-04-20_09-05-32,1776647132.452556,-0.028940466358010782,-0.26903843879699707,4.524073600769043,1.0,None,False,None,False,vis_2026-04-20_09-05-31_134,vis_2026-04-20_09-05-33_136,0.6431937914957994,0.5345062485702335,0.5482743992022917
vis_2026-04-20_09-05-33_136,consolidated_memory,raw_memories,raw_memories/vis_2026-04-20_09-05-33_136,2026-04-20_09-05-33,1776647133.8343048,0.017138822509193984,-0.2653450667858124,17.211109161376953,1.0,None,False,None,False,vis_2026-04-20_09-05-32_135,vis_2026-04-20_09-05-34_137,0.6314082152627126,0.5428698973891956,0.5537291216898389
vis_2026-04-20_09-05-34_137,consolidated_memory,raw_memories,raw_memories/vis_2026-04-20_09-05-34_137,2026-04-20_09-05-34,1776647134.498645,1.2912112136208035e-05,-0.10308976471424103,4.982961654663086,1.0,None,False,None,False,vis_2026-04-20_09-05-33_136,vis_2026-04-20_09-05-35_138,0.5950115159987625,0.5659750206656041,0.5706431212337738
vis_2026-04-20_09-05-35_138,consolidated_memory,raw_memories,raw_memories/vis_2026-04-20_09-05-35_138,2026-04-20_09-05-35,1776647135.0663893,-0.016155137788113335,-0.16801457107067108,2.7051849365234375,1.0,None,False,None,False,vis_2026-04-20_09-05-34_137,vis_2026-04-20_09-05-35_139,0.5344757827498299,0.5926899945442557,0.6025397978732083
vis_2026-04-20_09-05-35_139,consolidated_memory,raw_memories,raw_memories/vis_2026-04-20_09-05-35_139,2026-04-20_09-05-35,1776647135.6930146,-0.017868664230850127,-0.12896300852298737,5.9359283447265625,1.1,None,False,None,False,vis_2026-04-20_09-05-35_138,vis_2026-04-20_09-05-36_140,0.5026745333654219,0.5986230968733789,0.623673553548313
vis_2026-04-20_09-05-36_140,consolidated_memory,raw_memories,raw_memories/vis_2026-04-20_09-05-36_140,2026-04-20_09-05-36,1776647136.1995296,-0.014670981699261726,-0.07212492823600769,17.541481018066406,1.0,None,False,None,False,vis_2026-04-20_09-05-35_139,vis_2026-04-20_09-05-36_141,0.4931963410911027,0.6023386322655371,0.6276508115304487
vis_2026-04-20_09-05-36_141,consolidated_memory,raw_memories,raw_memories/vis_2026-04-20_09-05-36_141,2026-04-20_09-05-36,1776647136.944153,0.019349816586140694,-0.2133844494819641,2.0900001525878906,1.0,None,False,None,False,vis_2026-04-20_09-05-36_140,vis_2026-04-20_09-05-37_142,0.5128359352823344,0.5790856532644003,0.633765816107524
vis_2026-04-20_09-05-37_142,consolidated_memory,raw_memories,raw_memories/vis_2026-04-20_09-05-37_142,2026-04-20_09-05-37,1776647137.4468262,-0.0024609055439217694,-0.19333001971244812,2.6281471252441406,1.0,None,False,None,False,vis_2026-04-20_09-05-36_141,vis_2026-04-20_09-05-38_143,0.5388596884095547,0.5736856510211672,0.6168589871433966
vis_2026-04-20_09-05-38_143,consolidated_memory,raw_memories,raw_memories/vis_2026-04-20_09-05-38_143,2026-04-20_09-05-38,1776647138.1499047,-0.011580692108766845,-0.10131855309009552,7.788518905639648,1.0,None,False,None,False,vis_2026-04-20_09-05-37_142,vis_2026-04-20_09-05-38_144,0.6911004902937027,0.5164517122422093,0.5056260883675742
vis_2026-04-20_09-05-38_144,consolidated_memory,raw_memories,raw_memories/vis_2026-04-20_09-05-38_144,2026-04-20_09-05-38,1776647138.6901915,-0.015959161373703706,-0.09614613652229309,5.20111083984375,1.0,None,False,None,False,vis_2026-04-20_09-05-38_143,vis_2026-04-20_09-05-39_145,0.6477374303320345,0.5308934722333156,0.5464323768655244
vis_2026-04-20_09-05-39_145,consolidated_memory,raw_memories,raw_memories/vis_2026-04-20_09-05-39_145,2026-04-20_09-05-39,1776647139.6784918,0.014336226267719944,-0.027400856837630272,4.903331756591797,1.0,None,False,None,False,vis_2026-04-20_09-05-38_144,vis_2026-04-20_09-05-40_146,0.6099977403492196,0.5583232266753486,0.5622970134401154
vis_2026-04-20_09-05-40_146,consolidated_memory,raw_memories,raw_memories/vis_2026-04-20_09-05-40_146,2026-04-20_09-05-40,1776647140.3371606,0.05043605403296823,0.1701653152704239,4.747037887573242,1.0,aud_2026-04-20_09-05-40_37,True,None,False,vis_2026-04-20_09-05-39_145,vis_2026-04-20_09-05-43_147,0.6000616436408596,0.5811359969503326,0.5497335508039991
vis_2026-04-20_09-05-43_147,consolidated_memory,raw_memories,raw_memories/vis_2026-04-20_09-05-43_147,2026-04-20_09-05-43,1776647143.4656203,-0.004801758070299834,-0.030297106131911278,2.3499984741210938,1.0,None,False,None,False,vis_2026-04-20_09-05-40_146,vis_2026-04-20_09-05-44_148,0.6047446818557618,0.5637488843610172,0.5625576105154758
vis_2026-04-20_09-05-44_148,consolidated_memory,raw_memories,raw_memories/vis_2026-04-20_09-05-44_148,2026-04-20_09-05-44,1776647144.0428598,-0.010175118596649926,0.009423897601664066,7.732963562011719,1.0,aud_2026-04-20_09-05-44_39,True,None,False,vis_2026-04-20_09-05-43_147,vis_2026-04-20_09-05-46_149,0.6031406160805884,0.5652447607293858,0.5627786045168274
vis_2026-04-20_09-05-46_149,consolidated_memory,raw_memories,raw_memories/vis_2026-04-20_09-05-46_149,2026-04-20_09-05-46,1776647146.743704,-0.00954482948319457,0.07064983993768692,43.534080505371094,1.0,None,False,None,False,vis_2026-04-20_09-05-44_148,vis_2026-04-20_09-05-47_150,0.5938854320881016,0.5752166119468791,0.5625175045221992
vis_2026-04-20_09-05-47_150,consolidated_memory,raw_memories,raw_memories/vis_2026-04-20_09-05-47_150,2026-04-20_09-05-47,1776647147.3093169,-0.15331717565028868,0.09265079349279404,20.680368423461914,1.1,None,False,None,False,vis_2026-04-20_09-05-46_149,vis_2026-04-20_09-05-48_151,0.5823992554871452,0.585255983377004,0.5641688941526596
vis_2026-04-20_09-05-48_151,consolidated_memory,raw_memories,raw_memories/vis_2026-04-20_09-05-48_151,2026-04-20_09-05-48,1776647148.0208542,-0.06578597745243021,0.03911466896533966,3.693704605102539,1.0,None,False,None,False,vis_2026-04-20_09-05-47_150,vis_2026-04-20_09-05-49_152,0.5635093141251787,0.5771577382851741,0.5910551565054765
vis_2026-04-20_09-05-49_152,consolidated_memory,raw_memories,raw_memories/vis_2026-04-20_09-05-49_152,2026-04-20_09-05-49,1776647149.1814492,-0.020534560620169454,-0.007904094643890858,3.328887939453125,1.0,None,False,None,False,vis_2026-04-20_09-05-48_151,vis_2026-04-20_09-05-49_153,0.5964311678134752,0.5709532043692288,0.5641651358256409
vis_2026-04-20_09-05-49_153,consolidated_memory,raw_memories,raw_memories/vis_2026-04-20_09-05-49_153,2026-04-20_09-05-49,1776647149.7316997,-0.020283222139677974,-0.06399500370025635,1.263702392578125,1.0,None,False,None,False,vis_2026-04-20_09-05-49_152,vis_2026-04-20_09-05-50_154,0.6027866615862362,0.5683387393244442,0.5600351042540296
vis_2026-04-20_09-05-50_154,consolidated_memory,raw_memories,raw_memories/vis_2026-04-20_09-05-50_154,2026-04-20_09-05-50,1776647150.363416,-0.0184759460743583,-0.07835874706506729,9.166667938232422,1.0,None,False,None,False,vis_2026-04-20_09-05-49_153,vis_2026-04-20_09-05-50_155,0.5846185808904296,0.5786283821409188,0.5686917532887592
vis_2026-04-20_09-05-50_155,consolidated_memory,raw_memories,raw_memories/vis_2026-04-20_09-05-50_155,2026-04-20_09-05-50,1776647150.9756444,-0.020987724777929824,-0.11650910973548889,4.521110534667969,1.0,None,False,None,False,vis_2026-04-20_09-05-50_154,vis_2026-04-20_09-05-51_156,0.5825757760851517,0.5761749598905279,0.5732607440893994
vis_2026-04-20_09-05-51_156,consolidated_memory,raw_memories,raw_memories/vis_2026-04-20_09-05-51_156,2026-04-20_09-05-51,1776647151.390795,-0.007206417876831442,0.15882204473018646,4.737407684326172,1.0,aud_2026-04-20_09-05-51_41,True,None,False,vis_2026-04-20_09-05-50_155,vis_2026-04-20_09-05-51_157,0.6102013926692008,0.5606304315183774,0.5597747579518797
vis_2026-04-20_09-05-51_157,consolidated_memory,raw_memories,raw_memories/vis_2026-04-20_09-05-51_157,2026-04-20_09-05-51,1776647151.898635,-0.0035406923642344293,0.6848694682121277,1.5296306610107422,1.0,None,False,None,False,vis_2026-04-20_09-05-51_156,vis_2026-04-20_09-05-52_158,0.6034177592883416,0.5684751517974731,0.5592164246195537
vis_2026-04-20_09-05-52_158,consolidated_memory,raw_memories,raw_memories/vis_2026-04-20_09-05-52_158,2026-04-20_09-05-52,1776647152.5619514,0.04791882101059846,0.13488918542861938,6.135185241699219,1.0,None,False,None,False,vis_2026-04-20_09-05-51_157,vis_2026-04-20_09-05-53_159,0.6027667499855289,0.5693918739657104,0.5589858128554779
vis_2026-04-20_09-05-53_159,consolidated_memory,raw_memories,raw_memories/vis_2026-04-20_09-05-53_159,2026-04-20_09-05-53,1776647153.6107547,0.0030395931391895984,0.016706915572285652,5.407405853271484,1.0,None,False,None,False,vis_2026-04-20_09-05-52_158,vis_2026-04-20_09-05-54_160,0.5992457121082825,0.5724846219633807,0.5596123069905474
vis_2026-04-20_09-05-54_160,consolidated_memory,raw_memories,raw_memories/vis_2026-04-20_09-05-54_160,2026-04-20_09-05-54,1776647154.131562,0.0014934277198241682,0.08420538902282715,22.485923767089844,1.1,None,False,None,False,vis_2026-04-20_09-05-53_159,vis_2026-04-20_09-05-55_161,0.595448759641754,0.5747865272951506,0.5613031468654688
vis_2026-04-20_09-05-55_161,consolidated_memory,raw_memories,raw_memories/vis_2026-04-20_09-05-55_161,2026-04-20_09-05-55,1776647155.4180877,-0.01927349811304873,-0.12132491916418076,5.712593078613281,1.0,None,False,None,False,vis_2026-04-20_09-05-54_160,vis_2026-04-20_09-05-56_162,0.5907325660281658,0.57304693628561,0.568024862349752
vis_2026-04-20_09-05-56_162,consolidated_memory,raw_memories,raw_memories/vis_2026-04-20_09-05-56_162,2026-04-20_09-05-56,1776647156.2897267,-0.015704675774856458,-0.06160051003098488,1.7462959289550781,1.1,None,False,None,False,vis_2026-04-20_09-05-55_161,vis_2026-04-20_09-05-57_163,0.5831670792358886,0.5768276437039688,0.5720017719853762
vis_2026-04-20_09-05-57_163,consolidated_memory,raw_memories,raw_memories/vis_2026-04-20_09-05-57_163,2026-04-20_09-05-57,1776647157.1218348,-0.017252218379403977,-0.059879664331674576,22.81036949157715,1.0,None,False,None,False,vis_2026-04-20_09-05-56_162,vis_2026-04-20_09-05-58_164,0.5851646961589556,0.5842150124214605,0.5623834080328027
vis_2026-04-20_09-05-58_164,consolidated_memory,raw_memories,raw_memories/vis_2026-04-20_09-05-58_164,2026-04-20_09-05-58,1776647158.3414087,-0.014651940858469594,-0.06081851199269295,0.8185195922851562,1.0,None,False,None,False,vis_2026-04-20_09-05-57_163,vis_2026-04-20_09-05-59_165,0.5185311906341975,0.5935602621536922,0.6154767416657771
vis_2026-04-20_09-05-59_165,consolidated_memory,raw_memories,raw_memories/vis_2026-04-20_09-05-59_165,2026-04-20_09-05-59,1776647159.4917774,-0.028469837973747414,-0.20964553952217102,3.006298065185547,1.0,None,False,None,False,vis_2026-04-20_09-05-58_164,vis_2026-04-20_09-06-00_166,0.46718662263322325,0.5900056697082701,0.6585058612834498
vis_2026-04-20_09-06-00_166,consolidated_memory,raw_memories,raw_memories/vis_2026-04-20_09-06-00_166,2026-04-20_09-06-00,1776647160.1680214,-0.01853386402748949,-0.09626587480306625,1.6914825439453125,1.1,None,False,None,False,vis_2026-04-20_09-05-59_165,vis_2026-04-20_09-06-01_167,0.5306903936616627,0.5798678543881318,0.6181593463845174
vis_2026-04-20_09-06-01_167,consolidated_memory,raw_memories,raw_memories/vis_2026-04-20_09-06-01_167,2026-04-20_09-06-01,1776647161.3251162,-0.021702194459792802,-0.10440406948328018,4.914447784423828,1.0,None,False,None,False,vis_2026-04-20_09-06-00_166,vis_2026-04-20_09-06-01_168,0.5756069701444911,0.5552387485725336,0.6003220369140929
vis_2026-04-20_09-06-01_168,consolidated_memory,raw_memories,raw_memories/vis_2026-04-20_09-06-01_168,2026-04-20_09-06-01,1776647161.8519535,-0.013869654565418648,-0.04059137776494026,3.6637039184570312,1.0,None,False,None,False,vis_2026-04-20_09-06-01_167,vis_2026-04-20_09-06-02_169,0.5659762179874187,0.5665125775079418,0.5989444216268869
vis_2026-04-20_09-06-02_169,consolidated_memory,raw_memories,raw_memories/vis_2026-04-20_09-06-02_169,2026-04-20_09-06-02,1776647162.6424725,-0.012113160595631984,0.0022030456457287073,10.97037124633789,1.0,None,False,None,False,vis_2026-04-20_09-06-01_168,vis_2026-04-20_09-06-03_170,0.591649416829744,0.5683441069356479,0.5717831264356659
vis_2026-04-20_09-06-03_170,consolidated_memory,raw_memories,raw_memories/vis_2026-04-20_09-06-03_170,2026-04-20_09-06-03,1776647163.147291,-0.005951497118225302,0.04097574204206467,7.620370864868164,1.1,None,False,None,False,vis_2026-04-20_09-06-02_169,vis_2026-04-20_09-06-03_171,0.6118846328332828,0.5606949683186477,0.557869472730521
vis_2026-04-20_09-06-03_171,consolidated_memory,raw_memories,raw_memories/vis_2026-04-20_09-06-03_171,2026-04-20_09-06-03,1776647163.659557,-0.00613094515937142,0.067234568297863,2.4685211181640625,1.0,None,False,None,False,vis_2026-04-20_09-06-03_170,vis_2026-04-20_09-06-04_172,0.6274928605136838,0.5574716002989853,0.5435789959743138
vis_2026-04-20_09-06-04_172,consolidated_memory,raw_memories,raw_memories/vis_2026-04-20_09-06-04_172,2026-04-20_09-06-04,1776647164.3406324,-0.0111981550261034,-0.008759208023548126,1.3218517303466797,1.0,None,False,None,False,vis_2026-04-20_09-06-03_171,vis_2026-04-20_09-06-05_173,0.6284057929218019,0.5564863160949856,0.5435339358507005
vis_2026-04-20_09-06-05_173,consolidated_memory,raw_memories,raw_memories/vis_2026-04-20_09-06-05_173,2026-04-20_09-06-05,1776647165.0170412,-0.036289604306790374,-0.28456512093544006,0.8744449615478516,1.0,None,False,None,False,vis_2026-04-20_09-06-04_172,vis_2026-04-20_09-06-05_174,0.6136530033649092,0.5552349512665178,0.5613770037624397
vis_2026-04-20_09-06-05_174,consolidated_memory,raw_memories,raw_memories/vis_2026-04-20_09-06-05_174,2026-04-20_09-06-05,1776647165.793202,-0.022242808558841896,-0.130177840590477,5.145183563232422,1.1,None,False,None,False,vis_2026-04-20_09-06-05_173,vis_2026-04-20_09-06-06_175,0.595827867897131,0.5633200276792074,0.5724156691187409
vis_2026-04-20_09-06-06_175,consolidated_memory,raw_memories,raw_memories/vis_2026-04-20_09-06-06_175,2026-04-20_09-06-06,1776647166.4578238,0.06362621564281482,-0.18666450679302216,0.7766666412353516,1.1,aud_2026-04-20_09-06-06_42,True,None,False,vis_2026-04-20_09-06-05_174,vis_2026-04-20_09-06-07_176,0.5882866295572731,0.5692551160756542,0.5743408868484268
vis_2026-04-20_09-06-07_176,consolidated_memory,raw_memories,raw_memories/vis_2026-04-20_09-06-07_176,2026-04-20_09-06-07,1776647167.2666633,0.05647419790893321,-0.2368464469909668,8.241111755371094,1.1,None,False,None,False,vis_2026-04-20_09-06-06_175,None,0.5843857328646435,0.5735577381782269,0.574042538667763
vis_2026-04-20_09-26-37_0,consolidated_memory,raw_memories,raw_memories/vis_2026-04-20_09-26-37_0,2026-04-20_09-26-37,1776648397.3827379,0.0,0.0,36.59925842285156,1.0,aud_2026-04-20_09-26-37_0,True,None,False,None,vis_2026-04-20_09-26-41_1,0.6358182108458977,0.5297813680194824,0.5613082084346598
vis_2026-04-20_09-26-41_1,consolidated_memory,raw_memories,raw_memories/vis_2026-04-20_09-26-41_1,2026-04-20_09-26-41,1776648401.0868592,0.012217025856063614,0.12225564569234848,5.375556945800781,1.0,None,False,None,False,vis_2026-04-20_09-26-37_0,vis_2026-04-20_09-26-41_2,0.6305206947737942,0.5482185904760766,0.5494543024841972
vis_2026-04-20_09-26-41_2,consolidated_memory,raw_memories,raw_memories/vis_2026-04-20_09-26-41_2,2026-04-20_09-26-41,1776648401.7463715,-0.015096341225761832,-0.16740299761295319,1.6640777587890625,1.0,None,False,None,False,vis_2026-04-20_09-26-41_1,vis_2026-04-20_09-26-42_3,0.6301799545743682,0.5523492309096645,0.5456954754862364
vis_2026-04-20_09-26-42_3,consolidated_memory,raw_memories,raw_memories/vis_2026-04-20_09-26-42_3,2026-04-20_09-26-42,1776648402.284821,-0.015946273506015924,-0.11826460063457489,10.544818878173828,1.0,None,False,None,False,vis_2026-04-20_09-26-41_2,vis_2026-04-20_09-26-42_4,0.6337394357027387,0.5492219732141432,0.544728879144421
vis_2026-04-20_09-26-42_4,consolidated_memory,raw_memories,raw_memories/vis_2026-04-20_09-26-42_4,2026-04-20_09-26-42,1776648402.8692732,-0.022482944843326344,-0.1527572125196457,13.749259948730469,1.0,None,False,None,False,vis_2026-04-20_09-26-42_3,vis_2026-04-20_09-26-43_5,0.5980176801746203,0.5574694204249923,0.5758495458794672
vis_2026-04-20_09-26-43_5,consolidated_memory,raw_memories,raw_memories/vis_2026-04-20_09-26-43_5,2026-04-20_09-26-43,1776648403.3699622,-0.011933182798955222,0.053832072764635086,0.073333740234375,1.0,None,False,None,False,vis_2026-04-20_09-26-42_4,vis_2026-04-20_09-26-44_6,0.5332568798482535,0.5824463683886743,0.6135090284953842
vis_2026-04-20_09-26-44_6,consolidated_memory,raw_memories,raw_memories/vis_2026-04-20_09-26-44_6,2026-04-20_09-26-44,1776648404.1238964,-0.013698608342328873,0.33571451902389526,0.5933322906494141,1.0,aud_2026-04-20_09-26-44_2,True,None,False,vis_2026-04-20_09-26-43_5,vis_2026-04-20_09-26-44_7,0.5806089993789674,0.5680871907438224,0.5832410595568064
vis_2026-04-20_09-26-44_7,consolidated_memory,raw_memories,raw_memories/vis_2026-04-20_09-26-44_7,2026-04-20_09-26-44,1776648404.9015796,-0.00725093443795201,0.2053208202123642,6.421852111816406,1.0,None,False,None,False,vis_2026-04-20_09-26-44_6,vis_2026-04-20_09-26-46_8,0.626717651573235,0.541775675114758,0.5600929414485396
vis_2026-04-20_09-26-46_8,consolidated_memory,raw_memories,raw_memories/vis_2026-04-20_09-26-46_8,2026-04-20_09-26-46,1776648406.0320342,-0.22221166753145374,0.28843021392822266,9.314815521240234,1.0,None,False,None,False,vis_2026-04-20_09-26-44_7,vis_2026-04-20_09-26-46_9,0.44219766065239924,0.5974804656363637,0.668938204990939
vis_2026-04-20_09-26-46_9,consolidated_memory,raw_memories,raw_memories/vis_2026-04-20_09-26-46_9,2026-04-20_09-26-46,1776648406.4594898,-0.06889673519795914,0.12674394249916077,4.198147773742676,1.0,None,False,None,False,vis_2026-04-20_09-26-46_8,vis_2026-04-20_09-26-47_10,0.43546885061419033,0.6184937956224215,0.6540889120917174
vis_2026-04-20_09-26-47_10,consolidated_memory,raw_memories,raw_memories/vis_2026-04-20_09-26-47_10,2026-04-20_09-26-47,1776648407.0801668,-0.004117990497701866,0.06401022523641586,5.016666412353516,1.0,None,False,None,False,vis_2026-04-20_09-26-46_9,vis_2026-04-20_09-26-47_11,0.47807892923908407,0.6066590686668667,0.6351419619438325
vis_2026-04-20_09-26-47_11,consolidated_memory,raw_memories,raw_memories/vis_2026-04-20_09-26-47_11,2026-04-20_09-26-47,1776648407.7654533,-0.02307736577608597,-0.15975171327590942,10.818519592285156,1.0,None,False,None,False,vis_2026-04-20_09-26-47_10,vis_2026-04-20_09-26-48_12,0.5322360589795281,0.5901282485331825,0.6070201214169911
vis_2026-04-20_09-26-48_12,consolidated_memory,raw_memories,raw_memories/vis_2026-04-20_09-26-48_12,2026-04-20_09-26-48,1776648408.3779027,-0.013618615555203623,0.029713906347751617,8.075927734375,1.0,None,False,None,False,vis_2026-04-20_09-26-47_11,vis_2026-04-20_09-26-48_13,0.5223699773521744,0.5933248908555107,0.6124501454423742
vis_2026-04-20_09-26-48_13,consolidated_memory,raw_memories,raw_memories/vis_2026-04-20_09-26-48_13,2026-04-20_09-26-48,1776648408.985235,-0.26608499665360186,0.31015896797180176,17.583702087402344,1.0,None,False,None,False,vis_2026-04-20_09-26-48_12,vis_2026-04-20_09-26-49_14,0.5417739378611288,0.5862664882636777,0.6023060725191309
vis_2026-04-20_09-26-49_14,consolidated_memory,raw_memories,raw_memories/vis_2026-04-20_09-26-49_14,2026-04-20_09-26-49,1776648409.701734,-0.10025535168134818,-0.03794718161225319,9.357406616210938,1.0,None,False,None,False,vis_2026-04-20_09-26-48_13,vis_2026-04-20_09-26-50_15,0.5974857921616752,0.5564680053508947,0.5773682422732758
vis_2026-04-20_09-26-50_15,consolidated_memory,raw_memories,raw_memories/vis_2026-04-20_09-26-50_15,2026-04-20_09-26-50,1776648410.3008456,-0.05143553597934262,-0.03994998335838318,16.619258880615234,1.0,None,False,None,False,vis_2026-04-20_09-26-49_14,vis_2026-04-20_09-26-51_16,0.5750828274769259,0.5682924418339793,0.5884925166011183
vis_2026-04-20_09-26-51_16,consolidated_memory,raw_memories,raw_memories/vis_2026-04-20_09-26-51_16,2026-04-20_09-26-51,1776648411.0420768,-0.024173133612683955,-0.03961864858865738,6.806293487548828,1.0,None,False,None,False,vis_2026-04-20_09-26-50_15,vis_2026-04-20_09-26-51_17,0.6394122326426447,0.5370249562800196,0.5502328535078503
vis_2026-04-20_09-26-51_17,consolidated_memory,raw_memories,raw_memories/vis_2026-04-20_09-26-51_17,2026-04-20_09-26-51,1776648411.6428576,-0.013839981912734367,0.009074274450540543,6.7974090576171875,1.0,None,False,None,False,vis_2026-04-20_09-26-51_16,vis_2026-04-20_09-26-52_18,0.6310433799205297,0.5454471726132027,0.5516082255974225
vis_2026-04-20_09-26-52_18,consolidated_memory,raw_memories,raw_memories/vis_2026-04-20_09-26-52_18,2026-04-20_09-26-52,1776648412.2491648,-0.009395283323551272,0.5417252779006958,1.8033370971679688,1.0,None,False,None,False,vis_2026-04-20_09-26-51_17,vis_2026-04-20_09-26-52_19,0.6269161951388953,0.5409038595726132,0.5607130272893803
vis_2026-04-20_09-26-52_19,consolidated_memory,raw_memories,raw_memories/vis_2026-04-20_09-26-52_19,2026-04-20_09-26-52,1776648412.939421,0.16470377823437568,-0.3399914801120758,3.946666717529297,1.0,None,False,None,False,vis_2026-04-20_09-26-52_18,vis_2026-04-20_09-26-55_20,0.6046195256608549,0.5550375740124871,0.5712867236545724
vis_2026-04-20_09-26-55_20,consolidated_memory,raw_memories,raw_memories/vis_2026-04-20_09-26-55_20,2026-04-20_09-26-55,1776648415.4413993,-0.005816694476769583,0.044116806238889694,10.47518539428711,1.0,None,False,None,False,vis_2026-04-20_09-26-52_19,vis_2026-04-20_09-26-56_21,0.5966578569924023,0.5672940600537061,0.5676062465450996
vis_2026-04-20_09-26-56_21,consolidated_memory,raw_memories,raw_memories/vis_2026-04-20_09-26-56_21,2026-04-20_09-26-56,1776648416.0268035,-0.021254632139041035,-0.13298523426055908,3.863333225250244,1.0,None,False,None,False,vis_2026-04-20_09-26-55_20,vis_2026-04-20_09-26-56_22,0.5971742755162849,0.5671700960369958,0.5671868887967928
vis_2026-04-20_09-26-56_22,consolidated_memory,raw_memories,raw_memories/vis_2026-04-20_09-26-56_22,2026-04-20_09-26-56,1776648416.6244988,-0.021337870760710632,-0.12303704023361206,13.255555152893066,1.0,None,False,None,False,vis_2026-04-20_09-26-56_21,vis_2026-04-20_09-26-57_23,0.6160273124287753,0.5539677108559137,0.5600268972744423
vis_2026-04-20_09-26-57_23,consolidated_memory,raw_memories,raw_memories/vis_2026-04-20_09-26-57_23,2026-04-20_09-26-57,1776648417.6086524,-0.0381818597853709,-0.29628950357437134,0.3507407307624817,1.0,None,False,None,False,vis_2026-04-20_09-26-56_22,vis_2026-04-20_09-26-58_24,0.5855616690249531,0.5660515203315147,0.5802613274198894
vis_2026-04-20_09-26-58_24,consolidated_memory,raw_memories,raw_memories/vis_2026-04-20_09-26-58_24,2026-04-20_09-26-58,1776648418.181334,0.09235531437920137,-0.40463823080062866,4.99444580078125,1.0,None,False,None,False,vis_2026-04-20_09-26-57_23,vis_2026-04-20_09-26-58_25,0.5600232283271379,0.5532043254507063,0.6167162702869768
vis_2026-04-20_09-26-58_25,consolidated_memory,raw_memories,raw_memories/vis_2026-04-20_09-26-58_25,2026-04-20_09-26-58,1776648418.8429785,0.027239677666442832,-0.07273823022842407,6.471855163574219,1.0,None,False,None,False,vis_2026-04-20_09-26-58_24,vis_2026-04-20_09-26-59_26,0.5735720602994451,0.5579947537753722,0.5997140538648493
vis_2026-04-20_09-26-59_26,consolidated_memory,raw_memories,raw_memories/vis_2026-04-20_09-26-59_26,2026-04-20_09-26-59,1776648419.3482647,0.009039104495662786,0.40970534086227417,0.850738525390625,1.0,None,False,None,False,vis_2026-04-20_09-26-58_25,vis_2026-04-20_09-27-00_27,0.5778792697510843,0.566045534410818,0.5879183638614507
vis_2026-04-20_09-27-00_27,consolidated_memory,raw_memories,raw_memories/vis_2026-04-20_09-27-00_27,2026-04-20_09-27-00,1776648420.160476,-0.0034316381855436905,0.10712522268295288,4.276664733886719,1.0,None,False,None,False,vis_2026-04-20_09-26-59_26,vis_2026-04-20_09-27-02_28,0.5750019799727595,0.5816482982877812,0.5753763812725845
vis_2026-04-20_09-27-02_28,consolidated_memory,raw_memories,raw_memories/vis_2026-04-20_09-27-02_28,2026-04-20_09-27-02,1776648422.4138649,-0.003945330160046394,-0.06575470417737961,4.271110534667969,1.0,None,False,None,False,vis_2026-04-20_09-27-00_27,vis_2026-04-20_09-27-02_29,0.5665248864278162,0.582745483562131,0.5826296031321169
vis_2026-04-20_09-27-02_29,consolidated_memory,raw_memories,raw_memories/vis_2026-04-20_09-27-02_29,2026-04-20_09-27-02,1776648422.9559,-0.006555556152917518,-0.0032060425728559494,0.5192604064941406,1.0,None,False,None,False,vis_2026-04-20_09-27-02_28,vis_2026-04-20_09-27-03_30,0.5687726080346959,0.5838115752599042,0.5793632409309027
vis_2026-04-20_09-27-03_30,consolidated_memory,raw_memories,raw_memories/vis_2026-04-20_09-27-03_30,2026-04-20_09-27-03,1776648423.6294012,-0.012051129481210291,0.2767673134803772,0.3492584228515625,1.1,aud_2026-04-20_09-27-04_6,True,None,False,vis_2026-04-20_09-27-02_29,vis_2026-04-20_09-27-08_31,0.5684439183027543,0.5838636450553817,0.5796332941845687
vis_2026-04-20_09-27-08_31,consolidated_memory,raw_memories,raw_memories/vis_2026-04-20_09-27-08_31,2026-04-20_09-27-08,1776648428.5463915,-0.019833730571916883,-0.12973952293395996,4.667034149169922,1.0,None,False,None,False,vis_2026-04-20_09-27-03_30,vis_2026-04-20_09-27-09_32,0.5636457110489761,0.5859453009529931,0.5822126902663669
vis_2026-04-20_09-27-09_32,consolidated_memory,raw_memories,raw_memories/vis_2026-04-20_09-27-09_32,2026-04-20_09-27-09,1776648429.3802722,-0.01849820312880485,-0.09967090934515,12.668888092041016,1.0,None,False,None,False,vis_2026-04-20_09-27-08_31,vis_2026-04-20_09-27-09_33,0.5655021721635894,0.585488057670371,0.5808709216371898
vis_2026-04-20_09-27-09_33,consolidated_memory,raw_memories,raw_memories/vis_2026-04-20_09-27-09_33,2026-04-20_09-27-09,1776648429.8980265,-0.012146398394888729,-0.017772497609257698,15.480369567871094,1.0,None,False,None,False,vis_2026-04-20_09-27-09_32,vis_2026-04-20_09-27-10_34,0.5664947084284492,0.5847732014726404,0.5806238439489074
vis_2026-04-20_09-27-10_34,consolidated_memory,raw_memories,raw_memories/vis_2026-04-20_09-27-10_34,2026-04-20_09-27-10,1776648430.49777,-0.014719197170419291,-0.04708158224821091,10.01926040649414,1.0,None,False,None,False,vis_2026-04-20_09-27-09_33,vis_2026-04-20_09-27-11_35,0.5694154265897516,0.5833503338836851,0.5791963914937699
vis_2026-04-20_09-27-11_35,consolidated_memory,raw_memories,raw_memories/vis_2026-04-20_09-27-11_35,2026-04-20_09-27-11,1776648431.045604,-0.015811791560335107,-0.04555295780301094,10.275554656982422,1.0,None,False,None,False,vis_2026-04-20_09-27-10_34,vis_2026-04-20_09-27-11_36,0.5751118510757712,0.5882571945908033,0.5685066681793255
vis_2026-04-20_09-27-11_36,consolidated_memory,raw_memories,raw_memories/vis_2026-04-20_09-27-11_36,2026-04-20_09-27-11,1776648431.5987003,-0.010690297056906144,0.2692262530326843,4.518882751464844,1.0,None,False,None,False,vis_2026-04-20_09-27-11_35,vis_2026-04-20_09-27-13_37,0.5590039975645957,0.5871005060709893,0.585514753424702
vis_2026-04-20_09-27-13_37,consolidated_memory,raw_memories,raw_memories/vis_2026-04-20_09-27-13_37,2026-04-20_09-27-13,1776648433.2027652,-0.2233446346930917,0.19232742488384247,7.307036399841309,1.0,None,False,None,False,vis_2026-04-20_09-27-11_36,vis_2026-04-20_09-27-14_38,0.5942738282605239,0.5990009565721703,0.5366902934376645
vis_2026-04-20_09-27-14_38,consolidated_memory,raw_memories,raw_memories/vis_2026-04-20_09-27-14_38,2026-04-20_09-27-14,1776648434.0108705,-0.022231748677281813,0.2522524297237396,23.20407485961914,1.0,aud_2026-04-20_09-27-14_10,True,None,False,vis_2026-04-20_09-27-13_37,vis_2026-04-20_09-27-17_39,0.5846999281258228,0.5681135803862177,0.5791139385564902
vis_2026-04-20_09-27-17_39,consolidated_memory,raw_memories,raw_memories/vis_2026-04-20_09-27-17_39,2026-04-20_09-27-17,1776648437.936714,-0.0061836055572781065,-0.07531625777482986,4.231849670410156,1.0,None,False,None,False,vis_2026-04-20_09-27-14_38,vis_2026-04-20_09-27-18_40,0.5770094587036665,0.5783517532479542,0.5766882468730565
vis_2026-04-20_09-27-18_40,consolidated_memory,raw_memories,raw_memories/vis_2026-04-20_09-27-18_40,2026-04-20_09-27-18,1776648438.5242424,0.07761682644358195,-0.03522353619337082,1.78814697265625,1.0,None,False,None,False,vis_2026-04-20_09-27-17_39,vis_2026-04-20_09-27-20_41,0.576438515119837,0.5785135706387007,0.5770967742703977
vis_2026-04-20_09-27-20_41,consolidated_memory,raw_memories,raw_memories/vis_2026-04-20_09-27-20_41,2026-04-20_09-27-20,1776648440.0136545,-0.01085341569728714,-0.10184194147586823,3.566295623779297,1.0,None,False,None,False,vis_2026-04-20_09-27-18_40,vis_2026-04-20_09-27-20_42,0.5710963978818162,0.5784854508839106,0.5824117851160404
vis_2026-04-20_09-27-20_42,consolidated_memory,raw_memories,raw_memories/vis_2026-04-20_09-27-20_42,2026-04-20_09-27-20,1776648440.7628102,-0.01492268100224803,0.3733229339122772,2.464815139770508,1.0,aud_2026-04-20_09-27-20_14,True,None,False,vis_2026-04-20_09-27-20_41,vis_2026-04-20_09-27-22_43,0.5680436143860759,0.5793249121994726,0.5845588920376429
vis_2026-04-20_09-27-22_43,consolidated_memory,raw_memories,raw_memories/vis_2026-04-20_09-27-22_43,2026-04-20_09-27-22,1776648442.6906376,-0.01234465474426163,-0.09477004408836365,0.1048126220703125,1.0,None,False,None,False,vis_2026-04-20_09-27-20_42,vis_2026-04-20_09-27-23_44,0.5662806375151055,0.5805686593648984,0.5850352735850466
vis_2026-04-20_09-27-23_44,consolidated_memory,raw_memories,raw_memories/vis_2026-04-20_09-27-23_44,2026-04-20_09-27-23,1776648443.3903725,-0.01417697996850172,0.36250612139701843,1.8414764404296875,1.0,aud_2026-04-20_09-27-23_15,True,None,False,vis_2026-04-20_09-27-22_43,vis_2026-04-20_09-27-26_45,0.5675909804753917,0.5806388701843826,0.5836942532816193
vis_2026-04-20_09-27-26_45,consolidated_memory,raw_memories,raw_memories/vis_2026-04-20_09-27-26_45,2026-04-20_09-27-26,1776648446.6277204,-0.008028238245299295,0.0007261770660988986,8.281478881835938,1.0,None,False,None,False,vis_2026-04-20_09-27-23_44,vis_2026-04-20_09-27-27_46,0.5689820768965896,0.5833175437706501,0.579655103746891
vis_2026-04-20_09-27-27_46,consolidated_memory,raw_memories,raw_memories/vis_2026-04-20_09-27-27_46,2026-04-20_09-27-27,1776648447.2744577,-0.010811657857508393,-0.03624964877963066,2.633331298828125,1.0,None,False,None,False,vis_2026-04-20_09-27-26_45,vis_2026-04-20_09-27-27_47,0.5774580182293801,0.5805835470968903,0.5739904023788114
vis_2026-04-20_09-27-27_47,consolidated_memory,raw_memories,raw_memories/vis_2026-04-20_09-27-27_47,2026-04-20_09-27-27,1776648447.9620357,-0.01770779870941319,-0.08782482147216797,5.791481018066406,1.1,None,False,None,False,vis_2026-04-20_09-27-27_46,vis_2026-04-20_09-27-28_48,0.5866004762326354,0.5957862630961245,0.5485787181340529
vis_2026-04-20_09-27-28_48,consolidated_memory,raw_memories,raw_memories/vis_2026-04-20_09-27-28_48,2026-04-20_09-27-28,1776648448.7115586,-0.12814128966100927,0.06894125789403915,5.694814682006836,1.0,None,False,None,False,vis_2026-04-20_09-27-27_47,vis_2026-04-20_09-27-29_49,0.5814949446500036,0.6000840320732459,0.5493293946233032
vis_2026-04-20_09-27-29_49,consolidated_memory,raw_memories,raw_memories/vis_2026-04-20_09-27-29_49,2026-04-20_09-27-29,1776648449.232225,-0.06972355384985279,0.0007809322560206056,7.610740661621094,1.0,None,False,None,False,vis_2026-04-20_09-27-28_48,vis_2026-04-20_09-27-29_50,0.5931303089207128,0.584372351444459,0.553809887512758
vis_2026-04-20_09-27-29_50,consolidated_memory,raw_memories,raw_memories/vis_2026-04-20_09-27-29_50,2026-04-20_09-27-29,1776648449.9044354,-0.02957371411052043,0.0686904564499855,1.9996299743652344,1.0,aud_2026-04-20_09-27-30_18,True,None,False,vis_2026-04-20_09-27-29_49,vis_2026-04-20_09-27-30_51,0.6266302597259181,0.5522385463493359,0.5498791735661578
vis_2026-04-20_09-27-30_51,consolidated_memory,raw_memories,raw_memories/vis_2026-04-20_09-27-30_51,2026-04-20_09-27-30,1776648450.6245859,0.07353754770819194,0.2148199826478958,9.237407684326172,1.0,None,False,None,False,vis_2026-04-20_09-27-29_50,vis_2026-04-20_09-27-32_52,0.5905054122941209,0.5608941830437865,0.580259488055985
vis_2026-04-20_09-27-32_52,consolidated_memory,raw_memories,raw_memories/vis_2026-04-20_09-27-32_52,2026-04-20_09-27-32,1776648452.1828566,-0.0039009385382596106,-0.037063926458358765,3.664813995361328,1.0,None,False,None,False,vis_2026-04-20_09-27-30_51,vis_2026-04-20_09-27-32_53,0.607420731803506,0.5591563269432516,0.5642554887766931
vis_2026-04-20_09-27-32_53,consolidated_memory,raw_memories,raw_memories/vis_2026-04-20_09-27-32_53,2026-04-20_09-27-32,1776648452.7439523,-0.018447328561007573,-0.1472177356481552,4.6699981689453125,1.0,None,False,None,False,vis_2026-04-20_09-27-32_52,vis_2026-04-20_09-27-33_54,0.613063282396249,0.5580469762495782,0.5592289192059363
vis_2026-04-20_09-27-33_54,consolidated_memory,raw_memories,raw_memories/vis_2026-04-20_09-27-33_54,2026-04-20_09-27-33,1776648453.358052,-0.029180524183129528,-0.23263929784297943,0.3844442367553711,1.1,None,False,None,False,vis_2026-04-20_09-27-32_53,vis_2026-04-20_09-27-34_55,0.6153673448351528,0.5574413941835125,0.557298952951893
vis_2026-04-20_09-27-34_55,consolidated_memory,raw_memories,raw_memories/vis_2026-04-20_09-27-34_55,2026-04-20_09-27-34,1776648454.2251337,-0.026654668127116015,-0.19545818865299225,10.067407608032227,1.0,None,False,None,False,vis_2026-04-20_09-27-33_54,vis_2026-04-20_09-27-35_56,0.6289192616666428,0.5457646279964921,0.5537161124010528
vis_2026-04-20_09-27-35_56,consolidated_memory,raw_memories,raw_memories/vis_2026-04-20_09-27-35_56,2026-04-20_09-27-35,1776648455.1081693,-0.021301892113475725,-0.09714881330728531,2.2140769958496094,1.1,None,False,None,False,vis_2026-04-20_09-27-34_55,vis_2026-04-20_09-27-35_57,0.600877375980577,0.5579069471059929,0.5724388328944562
vis_2026-04-20_09-27-35_57,consolidated_memory,raw_memories,raw_memories/vis_2026-04-20_09-27-35_57,2026-04-20_09-27-35,1776648455.6641471,-0.01259282637733038,-0.01968843676149845,3.0170364379882812,1.0,None,False,None,False,vis_2026-04-20_09-27-35_56,vis_2026-04-20_09-27-36_58,0.599504683420098,0.56598509922031,0.5659107721345688
vis_2026-04-20_09-27-36_58,consolidated_memory,raw_memories,raw_memories/vis_2026-04-20_09-27-36_58,2026-04-20_09-27-36,1776648456.3894002,-0.01429543340553996,-0.05394279211759567,2.1055564880371094,1.0,None,False,None,False,vis_2026-04-20_09-27-35_57,vis_2026-04-20_09-27-37_59,0.6178836504624347,0.5549230581565858,0.5570280011070882
vis_2026-04-20_09-27-37_59,consolidated_memory,raw_memories,raw_memories/vis_2026-04-20_09-27-37_59,2026-04-20_09-27-37,1776648457.484555,-0.01157146563175459,-0.03418664634227753,1.9359264373779297,1.1,None,False,None,False,vis_2026-04-20_09-27-36_58,vis_2026-04-20_09-27-38_60,0.588484090772402,0.5696314526615495,0.5737651811032735
vis_2026-04-20_09-27-38_60,consolidated_memory,raw_memories,raw_memories/vis_2026-04-20_09-27-38_60,2026-04-20_09-27-38,1776648458.2269475,-0.020694796816853978,-0.12635791301727295,0.0666656494140625,1.0,None,False,None,False,vis_2026-04-20_09-27-37_59,vis_2026-04-20_09-27-38_61,0.612319454655252,0.5570301824843358,0.5610545973897391
vis_2026-04-20_09-27-38_61,consolidated_memory,raw_memories,raw_memories/vis_2026-04-20_09-27-38_61,2026-04-20_09-27-38,1776648458.9025674,-0.014239954675896118,-0.00780597236007452,0.3807411193847656,1.0,None,False,None,False,vis_2026-04-20_09-27-38_60,vis_2026-04-20_09-27-40_62,0.6393609157493462,0.5454613288151628,0.5419313223826007
vis_2026-04-20_09-27-40_62,consolidated_memory,raw_memories,raw_memories/vis_2026-04-20_09-27-40_62,2026-04-20_09-27-40,1776648460.6151726,-0.04016025522449256,-0.31745627522468567,0.022962570190429688,1.0,None,False,None,False,vis_2026-04-20_09-27-38_61,vis_2026-04-20_09-27-41_63,0.5849470592326225,0.5561246493617602,0.5903916600591222
vis_2026-04-20_09-27-41_63,consolidated_memory,raw_memories,raw_memories/vis_2026-04-20_09-27-41_63,2026-04-20_09-27-41,1776648461.1253302,-0.02694509581453203,-0.15375588834285736,0.3085174560546875,1.1,None,False,None,False,vis_2026-04-20_09-27-40_62,vis_2026-04-20_09-27-41_64,0.5947690485079548,0.5421589899139942,0.5935599452392148
vis_2026-04-20_09-27-41_64,consolidated_memory,raw_memories,raw_memories/vis_2026-04-20_09-27-41_64,2026-04-20_09-27-41,1776648461.6396587,-0.02908929395531474,-0.20000067353248596,1.1722221374511719,1.0,None,False,None,False,vis_2026-04-20_09-27-41_63,vis_2026-04-20_09-27-42_65,0.5992910790414643,0.5326409837126785,0.5976150810102666
vis_2026-04-20_09-27-42_65,consolidated_memory,raw_memories,raw_memories/vis_2026-04-20_09-27-42_65,2026-04-20_09-27-42,1776648462.177732,-0.036264975775893465,-0.2816985547542572,4.709629058837891,1.0,None,False,None,False,vis_2026-04-20_09-27-41_64,vis_2026-04-20_09-27-42_66,0.5492212956767694,0.5376521904210809,0.6397547112062126
vis_2026-04-20_09-27-42_66,consolidated_memory,raw_memories,raw_memories/vis_2026-04-20_09-27-42_66,2026-04-20_09-27-42,1776648462.911137,-0.025095544726229713,-0.05012594535946846,5.404443740844727,1.0,None,False,None,False,vis_2026-04-20_09-27-42_65,vis_2026-04-20_09-27-44_67,0.5493321642352436,0.5450597541764356,0.6333593274861806
vis_2026-04-20_09-27-44_67,consolidated_memory,raw_memories,raw_memories/vis_2026-04-20_09-27-44_67,2026-04-20_09-27-44,1776648464.156365,-0.022056592452002116,-0.1222858652472496,7.681114196777344,1.1,None,False,None,False,vis_2026-04-20_09-27-42_66,vis_2026-04-20_09-27-44_68,0.6511557871612814,0.5200206600377889,0.5527880732977462
vis_2026-04-20_09-27-44_68,consolidated_memory,raw_memories,raw_memories/vis_2026-04-20_09-27-44_68,2026-04-20_09-27-44,1776648464.7859583,-0.01449081156894067,0.2391817718744278,1.6348142623901367,1.0,None,False,None,False,vis_2026-04-20_09-27-44_67,vis_2026-04-20_09-27-49_69,0.6687053503121398,0.5306226833928191,0.5208384800808427
vis_2026-04-20_09-27-49_69,consolidated_memory,raw_memories,raw_memories/vis_2026-04-20_09-27-49_69,2026-04-20_09-27-49,1776648469.698279,-0.016586964536365403,-0.1883196234703064,0.801483154296875,1.0,None,False,None,False,vis_2026-04-20_09-27-44_68,vis_2026-04-20_09-27-50_70,0.6368172594339243,0.5472668500893424,0.5431047531373253
vis_2026-04-20_09-27-50_70,consolidated_memory,raw_memories,raw_memories/vis_2026-04-20_09-27-50_70,2026-04-20_09-27-50,1776648470.2590241,-0.025796820037331452,-0.22109034657478333,7.654445648193359,1.0,None,False,None,False,vis_2026-04-20_09-27-49_69,vis_2026-04-20_09-27-51_71,0.6478158536258415,0.5411619439153357,0.5361700945118044
vis_2026-04-20_09-27-51_71,consolidated_memory,raw_memories,raw_memories/vis_2026-04-20_09-27-51_71,2026-04-20_09-27-51,1776648471.0240378,-0.01639346628672848,-0.10339381545782089,3.15777587890625,1.0,None,False,None,False,vis_2026-04-20_09-27-50_70,vis_2026-04-20_09-27-51_72,0.6474559096655175,0.5468021635480372,0.5308561377420279
vis_2026-04-20_09-27-51_72,consolidated_memory,raw_memories,raw_memories/vis_2026-04-20_09-27-51_72,2026-04-20_09-27-51,1776648471.5786934,-0.016016072029701213,-0.0798536017537117,1.8785209655761719,1.0,None,False,None,False,vis_2026-04-20_09-27-51_71,vis_2026-04-20_09-27-52_73,0.6451787618382653,0.5410480428036457,0.5394547067652552
vis_2026-04-20_09-27-52_73,consolidated_memory,raw_memories,raw_memories/vis_2026-04-20_09-27-52_73,2026-04-20_09-27-52,1776648472.2219503,-0.016782284424207712,-0.09348214417695999,0.20111083984375,1.0,None,False,None,False,vis_2026-04-20_09-27-51_72,vis_2026-04-20_09-27-52_74,0.6444605102637678,0.5397523955711007,0.5416068705120183
vis_2026-04-20_09-27-52_74,consolidated_memory,raw_memories,raw_memories/vis_2026-04-20_09-27-52_74,2026-04-20_09-27-52,1776648472.7277064,-0.01878190667995718,-0.1167200356721878,1.25592041015625,1.1,None,False,None,False,vis_2026-04-20_09-27-52_73,vis_2026-04-20_09-27-53_75,0.6402990012128852,0.539759982565985,0.5465129003657179
vis_2026-04-20_09-27-53_75,consolidated_memory,raw_memories,raw_memories/vis_2026-04-20_09-27-53_75,2026-04-20_09-27-53,1776648473.606732,-0.010361852258245829,0.019740955904126167,9.071109771728516,1.0,None,False,None,False,vis_2026-04-20_09-27-52_74,vis_2026-04-20_09-27-54_76,0.6364056128925936,0.5414079545251718,0.5494227176370413
vis_2026-04-20_09-27-54_76,consolidated_memory,raw_memories,raw_memories/vis_2026-04-20_09-27-54_76,2026-04-20_09-27-54,1776648474.3872802,-0.01141181633159072,-0.012142145074903965,3.6251869201660156,1.1,None,False,None,False,vis_2026-04-20_09-27-53_75,vis_2026-04-20_09-27-54_77,0.6297607205341591,0.5446481915059893,0.5538589914062529
vis_2026-04-20_09-27-54_77,consolidated_memory,raw_memories,raw_memories/vis_2026-04-20_09-27-54_77,2026-04-20_09-27-54,1776648474.920609,-0.009793034235205689,0.019456738606095314,2.8722219467163086,1.0,None,False,None,False,vis_2026-04-20_09-27-54_76,vis_2026-04-20_09-27-55_78,0.5685832117610197,0.5605688663055521,0.6020595298078352
vis_2026-04-20_09-27-55_78,consolidated_memory,raw_memories,raw_memories/vis_2026-04-20_09-27-55_78,2026-04-20_09-27-55,1776648475.4785495,-0.011114133694654669,-0.005624683108180761,19.907777786254883,1.0,None,False,None,False,vis_2026-04-20_09-27-54_77,vis_2026-04-20_09-27-56_79,0.538939154252297,0.5734601701102686,0.6169992068965087
vis_2026-04-20_09-27-56_79,consolidated_memory,raw_memories,raw_memories/vis_2026-04-20_09-27-56_79,2026-04-20_09-27-56,1776648476.0605247,-0.0162830501544266,-0.06754208356142044,5.111110687255859,1.0,None,False,None,False,vis_2026-04-20_09-27-55_78,vis_2026-04-20_09-27-56_80,0.5695401110449998,0.5729906096476985,0.5893265844728268
vis_2026-04-20_09-27-56_80,consolidated_memory,raw_memories,raw_memories/vis_2026-04-20_09-27-56_80,2026-04-20_09-27-56,1776648476.822812,-0.009946301363078948,-0.008680862374603748,1.241851806640625,1.0,None,False,None,False,vis_2026-04-20_09-27-56_79,vis_2026-04-20_09-27-57_81,0.5688482897960937,0.5720159353492922,0.5909394155939623
vis_2026-04-20_09-27-57_81,consolidated_memory,raw_memories,raw_memories/vis_2026-04-20_09-27-57_81,2026-04-20_09-27-57,1776648477.3901281,-0.01022402153496588,0.007357425056397915,13.741111755371094,1.0,None,False,None,False,vis_2026-04-20_09-27-56_80,vis_2026-04-20_09-27-57_82,0.5869049659262148,0.5628396423796417,0.5820258567599088
vis_2026-04-20_09-27-57_82,consolidated_memory,raw_memories,raw_memories/vis_2026-04-20_09-27-57_82,2026-04-20_09-27-57,1776648477.8985326,-0.0079575624259903,0.01708071492612362,10.80851936340332,1.0,None,False,None,False,vis_2026-04-20_09-27-57_81,vis_2026-04-20_09-27-58_83,0.6127810245421378,0.5570680805473618,0.5605127738030294
vis_2026-04-20_09-27-58_83,consolidated_memory,raw_memories,raw_memories/vis_2026-04-20_09-27-58_83,2026-04-20_09-27-58,1776648478.4850612,-0.011982724129928636,-0.0376838855445385,8.809629440307617,1.0,None,False,None,False,vis_2026-04-20_09-27-57_82,vis_2026-04-20_09-27-59_84,0.6291893256861574,0.5513330274839635,0.547861921699223
vis_2026-04-20_09-27-59_84,consolidated_memory,raw_memories,raw_memories/vis_2026-04-20_09-27-59_84,2026-04-20_09-27-59,1776648479.4164436,-0.010219573179639934,-0.0008870718884281814,5.614814758300781,1.0,None,False,None,False,vis_2026-04-20_09-27-58_83,vis_2026-04-20_09-28-00_85,0.6145128675433935,0.5601754426529898,0.5554974429033157
vis_2026-04-20_09-28-00_85,consolidated_memory,raw_memories,raw_memories/vis_2026-04-20_09-28-00_85,2026-04-20_09-28-00,1776648480.54925,-0.0011477758694418974,0.0315028540790081,5.448148727416992,1.0,None,False,None,False,vis_2026-04-20_09-27-59_84,vis_2026-04-20_09-28-01_86,0.6229417957432047,0.5562731411935413,0.5500033740831977
vis_2026-04-20_09-28-01_86,consolidated_memory,raw_memories,raw_memories/vis_2026-04-20_09-28-01_86,2026-04-20_09-28-01,1776648481.2679834,0.004802571999920327,0.013172274455428123,11.938518524169922,1.0,None,False,None,False,vis_2026-04-20_09-28-00_85,vis_2026-04-20_09-28-01_87,0.6621970431847416,0.543910000696722,0.5154192343514912
vis_2026-04-20_09-28-01_87,consolidated_memory,raw_memories,raw_memories/vis_2026-04-20_09-28-01_87,2026-04-20_09-28-01,1776648481.9220126,0.1997569343962877,0.10843368619680405,4.894077301025391,1.0,None,False,None,False,vis_2026-04-20_09-28-01_86,vis_2026-04-20_09-28-02_88,0.6301816649764395,0.5773823762935119,0.5191345304188308
vis_2026-04-20_09-28-02_88,consolidated_memory,raw_memories,raw_memories/vis_2026-04-20_09-28-02_88,2026-04-20_09-28-02,1776648482.917725,-0.017332370472594692,-0.04765285924077034,0.17629623413085938,1.0,None,False,None,False,vis_2026-04-20_09-28-01_87,vis_2026-04-20_09-28-04_89,0.5992432332000381,0.5635353138329935,0.5686259733138422
vis_2026-04-20_09-28-04_89,consolidated_memory,raw_memories,raw_memories/vis_2026-04-20_09-28-04_89,2026-04-20_09-28-04,1776648484.1996887,0.1729072686315016,-0.5284138917922974,5.578519821166992,1.0,None,False,None,False,vis_2026-04-20_09-28-02_88,vis_2026-04-20_09-28-09_90,0.627815495918158,0.5496096655853955,0.5511596126170231
vis_2026-04-20_09-28-09_90,consolidated_memory,raw_memories,raw_memories/vis_2026-04-20_09-28-09_90,2026-04-20_09-28-09,1776648489.359041,-0.011741069178317602,-0.15920408070087433,1.0411109924316406,1.0,None,False,None,False,vis_2026-04-20_09-28-04_89,vis_2026-04-20_09-28-10_91,0.6021072837623286,0.5616338172421576,0.5674806377052469
vis_2026-04-20_09-28-10_91,consolidated_memory,raw_memories,raw_memories/vis_2026-04-20_09-28-10_91,2026-04-20_09-28-10,1776648490.3393931,-0.027055039421546297,-0.11908837407827377,2.551481246948242,1.0,None,False,None,False,vis_2026-04-20_09-28-09_90,vis_2026-04-20_09-28-11_92,0.5105894244855044,0.5924718679851073,0.6231175854120945
vis_2026-04-20_09-28-11_92,consolidated_memory,raw_memories,raw_memories/vis_2026-04-20_09-28-11_92,2026-04-20_09-28-11,1776648491.3011863,-0.01948990449857332,-0.05338776484131813,8.227775573730469,1.0,None,False,None,False,vis_2026-04-20_09-28-10_91,vis_2026-04-20_09-28-14_93,0.533213484796916,0.5943460659754711,0.602026688353772
vis_2026-04-20_09-28-14_93,consolidated_memory,raw_memories,raw_memories/vis_2026-04-20_09-28-14_93,2026-04-20_09-28-14,1776648494.9088564,-0.019528768334001537,-0.1433403491973877,6.284442901611328,1.0,None,False,None,False,vis_2026-04-20_09-28-11_92,vis_2026-04-20_09-28-16_94,0.5900401663621971,0.5647052567745555,0.5770273607468315
vis_2026-04-20_09-28-16_94,consolidated_memory,raw_memories,raw_memories/vis_2026-04-20_09-28-16_94,2026-04-20_09-28-16,1776648496.1028848,-0.017512763786368644,-0.08621013909578323,17.612224578857422,1.0,None,False,None,False,vis_2026-04-20_09-28-14_93,vis_2026-04-20_09-28-17_95,0.5831831441464531,0.5674689878885465,0.5812713378175516
vis_2026-04-20_09-28-17_95,consolidated_memory,raw_memories,raw_memories/vis_2026-04-20_09-28-17_95,2026-04-20_09-28-17,1776648497.711938,-0.0022052394561338654,-0.0767422467470169,3.3311119079589844,1.0,None,False,None,False,vis_2026-04-20_09-28-16_94,vis_2026-04-20_09-28-18_96,0.5793418343235872,0.5759433895599102,0.5767601330057606
vis_2026-04-20_09-28-18_96,consolidated_memory,raw_memories,raw_memories/vis_2026-04-20_09-28-18_96,2026-04-20_09-28-18,1776648498.3225238,-0.01697837636958683,-0.1540289968252182,0.9055557250976562,1.1,None,False,None,False,vis_2026-04-20_09-28-17_95,vis_2026-04-20_09-28-18_97,0.5780040851285428,0.5769939122750216,0.5770522530692352
vis_2026-04-20_09-28-18_97,consolidated_memory,raw_memories,raw_memories/vis_2026-04-20_09-28-18_97,2026-04-20_09-28-18,1776648498.9601295,-0.025810709267195343,-0.19959253072738647,2.4670372009277344,1.1,None,False,None,False,vis_2026-04-20_09-28-18_96,vis_2026-04-20_09-28-19_98,0.5780580058658511,0.5785329481461279,0.57545509795617
vis_2026-04-20_09-28-19_98,consolidated_memory,raw_memories,raw_memories/vis_2026-04-20_09-28-19_98,2026-04-20_09-28-19,1776648499.643772,-0.020377910098955294,-0.12773874402046204,9.994815826416016,1.1,None,False,None,False,vis_2026-04-20_09-28-18_97,vis_2026-04-20_09-28-20_99,0.5749636360536361,0.5810439382988849,0.5760249638532201
vis_2026-04-20_09-28-20_100,consolidated_memory,raw_memories,raw_memories/vis_2026-04-20_09-28-20_100,2026-04-20_09-28-20,1776648500.770811,0.06278145855526637,0.004243913572281599,0.19629669189453125,1.0,None,False,None,False,vis_2026-04-20_09-28-20_99,vis_2026-04-20_09-28-23_101,0.5995512957814594,0.5643677958121833,0.5674744353509422
vis_2026-04-20_09-28-20_99,consolidated_memory,raw_memories,raw_memories/vis_2026-04-20_09-28-20_99,2026-04-20_09-28-20,1776648500.2507524,0.12238845610097368,-0.14340373873710632,12.881851196289062,1.0,None,False,None,False,vis_2026-04-20_09-28-19_98,vis_2026-04-20_09-28-20_100,0.5888148467856434,0.5726957305679452,0.5703653884958717
vis_2026-04-20_09-28-23_101,consolidated_memory,raw_memories,raw_memories/vis_2026-04-20_09-28-23_101,2026-04-20_09-28-23,1776648503.8101707,0.23960435062509777,0.1307794153690338,6.104076385498047,1.0,aud_2026-04-20_09-28-24_32,True,None,False,vis_2026-04-20_09-28-20_100,vis_2026-04-20_09-28-26_102,0.5904390846720151,0.569930612725664,0.5714549710780563
vis_2026-04-20_09-28-26_102,consolidated_memory,raw_memories,raw_memories/vis_2026-04-20_09-28-26_102,2026-04-20_09-28-26,1776648506.2538877,-0.03647001227642602,0.8321234583854675,7.4796295166015625,1.0,aud_2026-04-20_09-28-26_33,True,None,False,vis_2026-04-20_09-28-23_101,vis_2026-04-20_09-28-28_103,0.589376005232185,0.5687532510365303,0.5737208937209181
vis_2026-04-20_09-28-28_103,consolidated_memory,raw_memories,raw_memories/vis_2026-04-20_09-28-28_103,2026-04-20_09-28-28,1776648508.2073977,-0.01815686664573923,0.006230332888662815,2.7970352172851562,1.1,None,False,None,False,vis_2026-04-20_09-28-26_102,vis_2026-04-20_09-28-31_104,0.5820724985756754,0.5739208586369311,0.5760264355247232
vis_2026-04-20_09-28-31_104,consolidated_memory,raw_memories,raw_memories/vis_2026-04-20_09-28-31_104,2026-04-20_09-28-31,1776648511.9989538,-0.024359586005189355,-0.13266436755657196,2.200000762939453,1.1,None,False,None,False,vis_2026-04-20_09-28-28_103,None,0.5790514722897371,0.5773234438478732,0.5756709421385792
vis_2026-04-20_09-30-44_0,consolidated_memory,raw_memories,raw_memories/vis_2026-04-20_09-30-44_0,2026-04-20_09-30-44,1776648644.7877796,0.3810374548687658,0.14148826897144318,4.421852111816406,1.0,None,False,None,False,None,vis_2026-04-20_09-30-45_1,0.6322305768870327,0.5450904002876537,0.5506005386515122
vis_2026-04-20_09-30-45_1,consolidated_memory,raw_memories,raw_memories/vis_2026-04-20_09-30-45_1,2026-04-20_09-30-45,1776648645.476043,0.46205524967009387,0.10817636549472809,6.582592010498047,1.0,None,False,None,False,vis_2026-04-20_09-30-44_0,vis_2026-04-20_09-30-47_2,0.6227775116878895,0.5344019536143525,0.5714566675689452
vis_2026-04-20_09-30-47_2,consolidated_memory,raw_memories,raw_memories/vis_2026-04-20_09-30-47_2,2026-04-20_09-30-47,1776648647.704088,0.030681991999763077,-0.09178780764341354,2.1462974548339844,1.0,None,False,None,False,vis_2026-04-20_09-30-45_1,vis_2026-04-20_09-30-49_3,0.6256547919948613,0.5513919219923206,0.5518360532037405
vis_2026-04-20_09-30-49_3,consolidated_memory,raw_memories,raw_memories/vis_2026-04-20_09-30-49_3,2026-04-20_09-30-49,1776648649.0337408,-0.18568385063892878,0.05393267795443535,0.12703704833984375,1.1,None,False,None,False,vis_2026-04-20_09-30-47_2,vis_2026-04-20_09-30-49_4,0.6136766640825065,0.5547832476737463,0.5617975614588736
vis_2026-04-20_09-30-49_4,consolidated_memory,raw_memories,raw_memories/vis_2026-04-20_09-30-49_4,2026-04-20_09-30-49,1776648649.7660105,-0.12556237045301427,-0.07422369718551636,15.987403869628906,1.0,None,False,None,False,vis_2026-04-20_09-30-49_3,vis_2026-04-20_09-30-50_5,0.6203110559259886,0.5584011586215134,0.5508196982190601
vis_2026-04-20_09-30-50_5,consolidated_memory,raw_memories,raw_memories/vis_2026-04-20_09-30-50_5,2026-04-20_09-30-50,1776648650.590898,-0.06985480747389033,0.23193487524986267,5.886669158935547,1.1,aud_2026-04-20_09-30-50_1,True,None,False,vis_2026-04-20_09-30-49_4,None,0.6348426998919792,0.5551802921274083,0.5373542496595592
vis_2026-04-21_07-29-32_0,consolidated_memory,raw_memories,raw_memories/vis_2026-04-21_07-29-32_0,2026-04-21_07-29-32,1776727772.1547127,-0.009806999788566695,-0.1500958502292633,10.75666618347168,1.0,None,False,None,False,None,vis_2026-04-21_07-29-32_1,0.5893928688408515,0.5687915396563568,0.5736656086736436
vis_2026-04-21_07-29-32_1,consolidated_memory,raw_memories,raw_memories/vis_2026-04-21_07-29-32_1,2026-04-21_07-29-32,1776727772.7338772,-0.011502249011224331,0.252780556678772,2.360370635986328,1.0,aud_2026-04-21_07-29-33_0,True,None,False,vis_2026-04-21_07-29-32_0,vis_2026-04-21_07-29-33_2,0.599190125368457,0.5670308950710203,0.5651965655379466
vis_2026-04-21_07-29-33_2,consolidated_memory,raw_memories,raw_memories/vis_2026-04-21_07-29-33_2,2026-04-21_07-29-33,1776727773.3438823,-0.005843207038062185,0.20876099169254303,6.064815521240234,1.0,None,False,None,False,vis_2026-04-21_07-29-32_1,vis_2026-04-21_07-29-34_3,0.6071710071963942,0.5627293472233533,0.5609626099783254
vis_2026-04-21_07-29-34_3,consolidated_memory,raw_memories,raw_memories/vis_2026-04-21_07-29-34_3,2026-04-21_07-29-34,1776727774.851135,-0.028430342087883993,-0.20244182646274567,2.366668701171875,1.0,None,False,None,False,vis_2026-04-21_07-29-33_2,vis_2026-04-21_07-29-35_4,0.5995586247827264,0.5603921104126817,0.5713931553981609
vis_2026-04-21_07-29-35_4,consolidated_memory,raw_memories,raw_memories/vis_2026-04-21_07-29-35_4,2026-04-21_07-29-35,1776727775.4399579,-0.02049440590529306,-0.09382554143667221,6.5885162353515625,1.0,None,False,None,False,vis_2026-04-21_07-29-34_3,vis_2026-04-21_07-29-36_5,0.600693364008929,0.5647142846304868,0.5659198345789922
vis_2026-04-21_07-29-36_5,consolidated_memory,raw_memories,raw_memories/vis_2026-04-21_07-29-36_5,2026-04-21_07-29-36,1776727776.3870564,-0.01315421181036084,-0.032830916345119476,4.8681488037109375,1.0,None,False,None,False,vis_2026-04-21_07-29-35_4,vis_2026-04-21_07-29-37_6,0.6175348489047651,0.5531656082081655,0.5591587612510952
vis_2026-04-21_07-29-37_6,consolidated_memory,raw_memories,raw_memories/vis_2026-04-21_07-29-37_6,2026-04-21_07-29-37,1776727777.017053,-0.0110453458473031,0.2827166020870209,5.806297302246094,1.0,aud_2026-04-21_07-29-37_1,True,None,False,vis_2026-04-21_07-29-36_5,vis_2026-04-21_07-29-37_7,0.6108991039228284,0.5589020584181728,0.5607412718199141
vis_2026-04-21_07-29-37_7,consolidated_memory,raw_memories,raw_memories/vis_2026-04-21_07-29-37_7,2026-04-21_07-29-37,1776727777.571879,-0.014873372789478439,0.358738511800766,10.115924835205078,1.0,aud_2026-04-21_07-29-37_1,True,None,False,vis_2026-04-21_07-29-37_6,vis_2026-04-21_07-29-38_8,0.6089575483791653,0.562323005814953,0.5594314447752048
vis_2026-04-21_07-29-38_8,consolidated_memory,raw_memories,raw_memories/vis_2026-04-21_07-29-38_8,2026-04-21_07-29-38,1776727778.2858536,0.05085617430245294,0.017823608592152596,3.6255550384521484,1.0,None,False,None,False,vis_2026-04-21_07-29-37_7,vis_2026-04-21_07-29-40_9,0.6079789249153426,0.5548659252383893,0.5678780079102647
vis_2026-04-21_07-29-40_10,consolidated_memory,raw_memories,raw_memories/vis_2026-04-21_07-29-40_10,2026-04-21_07-29-40,1776727780.7647908,-0.02548213479896116,-0.2568729519844055,4.427776336669922,1.0,None,False,None,False,vis_2026-04-21_07-29-40_9,vis_2026-04-21_07-29-41_11,0.5904560661091542,0.5722691870975624,0.5690954326768027
vis_2026-04-21_07-29-40_9,consolidated_memory,raw_memories,raw_memories/vis_2026-04-21_07-29-40_9,2026-04-21_07-29-40,1776727780.119818,0.002887465199292882,-0.07257529348134995,3.1659278869628906,1.0,None,False,None,False,vis_2026-04-21_07-29-38_8,vis_2026-04-21_07-29-40_10,0.5886276163167717,0.5699634434707935,0.5732880623352895
vis_2026-04-21_07-29-41_11,consolidated_memory,raw_memories,raw_memories/vis_2026-04-21_07-29-41_11,2026-04-21_07-29-41,1776727781.3510256,-0.016106227046776604,-0.1058725118637085,10.637779235839844,1.0,aud_2026-04-21_07-29-41_2,True,None,False,vis_2026-04-21_07-29-40_10,vis_2026-04-21_07-29-41_12,0.5882675297774592,0.5700032443459229,0.5736180042891335
vis_2026-04-21_07-29-41_12,consolidated_memory,raw_memories,raw_memories/vis_2026-04-21_07-29-41_12,2026-04-21_07-29-41,1776727781.9188285,-0.011815751844599447,0.06177906319499016,3.0774078369140625,1.0,None,False,None,False,vis_2026-04-21_07-29-41_11,vis_2026-04-21_07-29-43_13,0.6074874225263601,0.5622111112665675,0.561139642014972
vis_2026-04-21_07-29-43_13,consolidated_memory,raw_memories,raw_memories/vis_2026-04-21_07-29-43_13,2026-04-21_07-29-43,1776727783.584399,-0.02218164643105501,-0.1325758546590805,4.729259490966797,1.0,None,False,None,False,vis_2026-04-21_07-29-41_12,vis_2026-04-21_07-29-44_14,0.598864065915334,0.5706408027152544,0.5618993725141935
vis_2026-04-21_07-29-44_14,consolidated_memory,raw_memories,raw_memories/vis_2026-04-21_07-29-44_14,2026-04-21_07-29-44,1776727784.2800207,-0.02108606824070508,-0.12764613330364227,4.738889694213867,1.0,aud_2026-04-21_07-29-45_3,True,None,False,vis_2026-04-21_07-29-43_13,vis_2026-04-21_07-29-44_15,0.6037330885721911,0.5649219410351612,0.5624673842100967
vis_2026-04-21_07-29-44_15,consolidated_memory,raw_memories,raw_memories/vis_2026-04-21_07-29-44_15,2026-04-21_07-29-44,1776727784.805328,-0.01870338085145429,0.29272088408470154,1.3170394897460938,1.0,aud_2026-04-21_07-29-45_3,True,None,False,vis_2026-04-21_07-29-44_14,vis_2026-04-21_07-29-45_16,0.5896764481539231,0.5559570761525072,0.5858271212299145
vis_2026-04-21_07-29-45_16,consolidated_memory,raw_memories,raw_memories/vis_2026-04-21_07-29-45_16,2026-04-21_07-29-45,1776727785.442354,-0.013107716403602063,0.18021227419376373,3.3103694915771484,1.0,None,False,None,False,vis_2026-04-21_07-29-44_15,vis_2026-04-21_07-29-46_17,0.6075612266185672,0.5601220028021014,0.5631453612405103
vis_2026-04-21_07-29-46_17,consolidated_memory,raw_memories,raw_memories/vis_2026-04-21_07-29-46_17,2026-04-21_07-29-46,1776727786.966523,0.07635792805814041,-0.1954914778470993,0.7711105346679688,1.0,None,False,None,False,vis_2026-04-21_07-29-45_16,vis_2026-04-21_07-29-47_18,0.5866340403729582,0.5702050489594211,0.5750884321709858
vis_2026-04-21_07-29-47_18,consolidated_memory,raw_memories,raw_memories/vis_2026-04-21_07-29-47_18,2026-04-21_07-29-47,1776727787.7011526,0.01088368027802844,-0.06235572695732117,6.467037200927734,1.0,None,False,None,False,vis_2026-04-21_07-29-46_17,vis_2026-04-21_07-29-51_19,0.5549683766997945,0.5776316515961026,0.5986249042075963
vis_2026-04-21_07-29-51_19,consolidated_memory,raw_memories,raw_memories/vis_2026-04-21_07-29-51_19,2026-04-21_07-29-51,1776727791.7913086,0.01058446061591139,-0.054248832166194916,8.89370346069336,1.0,None,False,None,False,vis_2026-04-21_07-29-47_18,vis_2026-04-21_07-29-53_20,0.575309968624367,0.573038805070764,0.5836479828496804
vis_2026-04-21_07-29-53_20,consolidated_memory,raw_memories,raw_memories/vis_2026-04-21_07-29-53_20,2026-04-21_07-29-53,1776727793.792452,-0.0008804425790219109,-0.1563415229320526,2.241851806640625,1.0,None,False,None,False,vis_2026-04-21_07-29-51_19,vis_2026-04-21_07-29-54_21,0.5688044692608331,0.5798554457050502,0.5832916404639273
vis_2026-04-21_07-29-54_21,consolidated_memory,raw_memories,raw_memories/vis_2026-04-21_07-29-54_21,2026-04-21_07-29-54,1776727794.5494986,-0.002501672519104118,0.6451830267906189,1.4648170471191406,1.0,aud_2026-04-21_07-29-54_8,True,None,False,vis_2026-04-21_07-29-53_20,vis_2026-04-21_07-29-56_22,0.5725073351036293,0.581526402249981,0.577981310025449
vis_2026-04-21_07-29-56_22,consolidated_memory,raw_memories,raw_memories/vis_2026-04-21_07-29-56_22,2026-04-21_07-29-56,1776727796.6637752,-0.023816706622189758,-0.13996967673301697,3.058147430419922,1.0,None,False,None,False,vis_2026-04-21_07-29-54_21,vis_2026-04-21_07-29-57_23,0.5973476975938521,0.5672999554902973,0.5668743147118508
vis_2026-04-21_07-29-57_23,consolidated_memory,raw_memories,raw_memories/vis_2026-04-21_07-29-57_23,2026-04-21_07-29-57,1776727797.3830626,-0.02128891420610266,-0.12299730628728867,4.742221832275391,1.0,None,False,None,False,vis_2026-04-21_07-29-56_22,vis_2026-04-21_07-29-57_24,0.5872307230356275,0.5742697208828456,0.5704159584024564
vis_2026-04-21_07-29-57_24,consolidated_memory,raw_memories,raw_memories/vis_2026-04-21_07-29-57_24,2026-04-21_07-29-57,1776727797.9198697,-0.015272323305769529,-0.04807733744382858,2.9514808654785156,1.0,None,False,None,False,vis_2026-04-21_07-29-57_23,vis_2026-04-21_07-29-58_25,0.5699752508504299,0.5927946559466173,0.5689663516405177
vis_2026-04-21_07-29-58_25,consolidated_memory,raw_memories,raw_memories/vis_2026-04-21_07-29-58_25,2026-04-21_07-29-58,1776727798.6485245,-0.015924682471219833,-0.09004790335893631,0.2829627990722656,1.0,None,False,None,False,vis_2026-04-21_07-29-57_24,vis_2026-04-21_07-29-59_26,0.5829993581078765,0.5798279672803337,0.5691320381118605
vis_2026-04-21_07-29-59_26,consolidated_memory,raw_memories,raw_memories/vis_2026-04-21_07-29-59_26,2026-04-21_07-29-59,1776727799.1890335,-0.008607357016414997,0.01743842475116253,12.0,1.0,None,False,None,False,vis_2026-04-21_07-29-58_25,vis_2026-04-21_07-29-59_27,0.6023985847864871,0.5560031045845194,0.5726923194348021
vis_2026-04-21_07-29-59_27,consolidated_memory,raw_memories,raw_memories/vis_2026-04-21_07-29-59_27,2026-04-21_07-29-59,1776727799.7260091,-0.003540631735269027,0.060170650482177734,10.466293334960938,1.0,None,False,None,False,vis_2026-04-21_07-29-59_26,vis_2026-04-21_07-30-00_28,0.6051033220440024,0.5589522704898189,0.5669412041522371
vis_2026-04-21_07-30-00_28,consolidated_memory,raw_memories,raw_memories/vis_2026-04-21_07-30-00_28,2026-04-21_07-30-00,1776727800.3833733,-0.007297481132264779,0.08939464390277863,25.268888473510742,1.0,None,False,None,False,vis_2026-04-21_07-29-59_27,vis_2026-04-21_07-30-01_29,0.5662695000709778,0.5658443446439138,0.599298782681781
vis_2026-04-21_07-30-01_29,consolidated_memory,raw_memories,raw_memories/vis_2026-04-21_07-30-01_29,2026-04-21_07-30-01,1776727801.084594,-0.006604131662456052,0.07691497355699539,1.695556640625,1.0,None,False,None,False,vis_2026-04-21_07-30-00_28,vis_2026-04-21_07-30-01_30,0.5936534900795235,0.5672117990199002,0.5708294918528732
vis_2026-04-21_07-30-01_30,consolidated_memory,raw_memories,raw_memories/vis_2026-04-21_07-30-01_30,2026-04-21_07-30-01,1776727801.6000392,0.19018070146473298,-0.503193199634552,1.1200027465820312,1.0,None,False,None,False,vis_2026-04-21_07-30-01_29,vis_2026-04-21_07-30-02_31,0.5938587253517373,0.5586112072823877,0.5790382832094292
vis_2026-04-21_07-30-02_31,consolidated_memory,raw_memories,raw_memories/vis_2026-04-21_07-30-02_31,2026-04-21_07-30-02,1776727802.18155,0.04710431711813615,-0.36514705419540405,8.10296630859375,1.0,None,False,None,False,vis_2026-04-21_07-30-01_30,vis_2026-04-21_07-30-02_32,0.6192380627812598,0.5409394243099643,0.5691473981580842
vis_2026-04-21_07-30-02_32,consolidated_memory,raw_memories,raw_memories/vis_2026-04-21_07-30-02_32,2026-04-21_07-30-02,1776727802.7344522,0.016691500434394956,-0.06600198149681091,18.16444206237793,1.0,None,False,None,False,vis_2026-04-21_07-30-02_31,vis_2026-04-21_07-30-03_33,0.6292465300463786,0.5290210523965919,0.5693729274788134
vis_2026-04-21_07-30-03_33,consolidated_memory,raw_memories,raw_memories/vis_2026-04-21_07-30-03_33,2026-04-21_07-30-03,1776727803.3518448,-0.0005885339348754717,0.034842029213905334,13.588888168334961,1.0,None,False,None,False,vis_2026-04-21_07-30-02_32,vis_2026-04-21_07-30-03_34,0.6255482804227178,0.5370259446557732,0.5659438873481674
vis_2026-04-21_07-30-03_34,consolidated_memory,raw_memories,raw_memories/vis_2026-04-21_07-30-03_34,2026-04-21_07-30-03,1776727803.9266365,-0.002698717497522751,0.04897027462720871,13.53036880493164,1.0,None,False,None,False,vis_2026-04-21_07-30-03_33,vis_2026-04-21_07-30-04_35,0.6146198359744017,0.5492966609443614,0.566141003198121
vis_2026-04-21_07-30-04_35,consolidated_memory,raw_memories,raw_memories/vis_2026-04-21_07-30-04_35,2026-04-21_07-30-04,1776727804.7133422,-0.0018477740850340128,-0.0003417637199163437,0.684814453125,1.0,None,False,None,False,vis_2026-04-21_07-30-03_34,vis_2026-04-21_07-30-05_36,0.6223458229735385,0.5484938225219439,0.5584265424231332
vis_2026-04-21_07-30-05_36,consolidated_memory,raw_memories,raw_memories/vis_2026-04-21_07-30-05_36,2026-04-21_07-30-05,1776727805.1718628,-0.010235442131637459,-0.05759110301733017,0.21518325805664062,1.0,None,False,None,False,vis_2026-04-21_07-30-04_35,vis_2026-04-21_07-30-05_37,0.6223080878523105,0.545944860658087,0.5609606518416627
vis_2026-04-21_07-30-05_37,consolidated_memory,raw_memories,raw_memories/vis_2026-04-21_07-30-05_37,2026-04-21_07-30-05,1776727805.7112465,-0.019946971357131624,-0.12222174555063248,1.92926025390625,1.0,None,False,None,False,vis_2026-04-21_07-30-05_36,vis_2026-04-21_07-30-06_38,0.620735734499537,0.5468467068251518,0.5618236619703791
vis_2026-04-21_07-30-06_38,consolidated_memory,raw_memories,raw_memories/vis_2026-04-21_07-30-06_38,2026-04-21_07-30-06,1776727806.2191052,-0.01991808123606365,-0.11334864795207977,2.7214813232421875,1.0,None,False,None,False,vis_2026-04-21_07-30-05_37,vis_2026-04-21_07-30-06_39,0.6267070754843134,0.5413150103540851,0.5605499987541306
vis_2026-04-21_07-30-06_39,consolidated_memory,raw_memories,raw_memories/vis_2026-04-21_07-30-06_39,2026-04-21_07-30-06,1776727806.8364718,-0.021517880709178136,-0.12341940402984619,9.271480560302734,1.0,None,False,None,False,vis_2026-04-21_07-30-06_38,vis_2026-04-21_07-30-07_40,0.6263136632886825,0.544886084465134,0.5575216140511198
vis_2026-04-21_07-30-07_40,consolidated_memory,raw_memories,raw_memories/vis_2026-04-21_07-30-07_40,2026-04-21_07-30-07,1776727807.5766778,-0.018928522670945424,-0.09428524971008301,10.009998321533203,1.0,None,False,None,False,vis_2026-04-21_07-30-06_39,vis_2026-04-21_07-30-08_41,0.6368684905294859,0.5485804387045029,0.5417176645093541
vis_2026-04-21_07-30-08_41,consolidated_memory,raw_memories,raw_memories/vis_2026-04-21_07-30-08_41,2026-04-21_07-30-08,1776727808.3549695,-0.021387640526215702,-0.12467274814844131,2.5511093139648438,1.0,None,False,None,False,vis_2026-04-21_07-30-07_40,vis_2026-04-21_07-30-09_42,0.636350026301667,0.5696464487120192,0.5201553301617242
vis_2026-04-21_07-30-09_42,consolidated_memory,raw_memories,raw_memories/vis_2026-04-21_07-30-09_42,2026-04-21_07-30-09,1776727809.0107734,-0.021745940260582085,-0.06581203639507294,3.8877792358398438,1.0,None,False,None,False,vis_2026-04-21_07-30-08_41,vis_2026-04-21_07-30-09_43,0.540676261347578,0.5964757926455645,0.5931996368871537
vis_2026-04-21_07-30-09_43,consolidated_memory,raw_memories,raw_memories/vis_2026-04-21_07-30-09_43,2026-04-21_07-30-09,1776727809.9696314,0.017567223072170162,0.13374274969100952,8.829629898071289,1.0,None,False,None,False,vis_2026-04-21_07-30-09_42,vis_2026-04-21_07-30-10_44,0.583926513061958,0.5728717008035211,0.575193742804791
vis_2026-04-21_07-30-10_44,consolidated_memory,raw_memories,raw_memories/vis_2026-04-21_07-30-10_44,2026-04-21_07-30-10,1776727810.671211,-0.012776015779987934,-0.09657242894172668,25.33222198486328,1.0,None,False,None,False,vis_2026-04-21_07-30-09_43,vis_2026-04-21_07-30-11_45,0.6032980495382905,0.562788960724606,0.5650664112383713
vis_2026-04-21_07-30-11_45,consolidated_memory,raw_memories,raw_memories/vis_2026-04-21_07-30-11_45,2026-04-21_07-30-11,1776727811.3834698,-0.022857333551498077,-0.1489773541688919,18.924816131591797,1.0,None,False,None,False,vis_2026-04-21_07-30-10_44,vis_2026-04-21_07-30-11_46,0.612193785747758,0.5608810483014113,0.5573429988329792
vis_2026-04-21_07-30-11_46,consolidated_memory,raw_memories,raw_memories/vis_2026-04-21_07-30-11_46,2026-04-21_07-30-11,1776727811.8867526,-0.016987349631454412,-0.05698560178279877,5.081480026245117,1.0,None,False,None,False,vis_2026-04-21_07-30-11_45,vis_2026-04-21_07-30-12_47,0.6082309251101528,0.5626679061222813,0.5598749585037853
vis_2026-04-21_07-30-12_47,consolidated_memory,raw_memories,raw_memories/vis_2026-04-21_07-30-12_47,2026-04-21_07-30-12,1776727812.4264286,0.056018723932510096,-0.21254286170005798,8.617778778076172,1.0,None,False,None,False,vis_2026-04-21_07-30-11_46,vis_2026-04-21_07-30-13_48,0.6033563054224357,0.5504207891828985,0.5770598959746411
vis_2026-04-21_07-30-13_48,consolidated_memory,raw_memories,raw_memories/vis_2026-04-21_07-30-13_48,2026-04-21_07-30-13,1776727813.9538093,0.07748793669479226,-0.34378257393836975,7.907405853271484,1.0,None,False,None,False,vis_2026-04-21_07-30-12_47,vis_2026-04-21_07-30-14_49,0.5976617199845365,0.5802843383793521,0.5532364368845953
vis_2026-04-21_07-30-14_49,consolidated_memory,raw_memories,raw_memories/vis_2026-04-21_07-30-14_49,2026-04-21_07-30-14,1776727814.6633468,0.14867762489650033,-0.4447794556617737,3.289257049560547,1.0,None,False,None,False,vis_2026-04-21_07-30-13_48,vis_2026-04-21_07-30-15_50,0.6053615817491497,0.5680187397466343,0.5575769602833434
vis_2026-04-21_07-30-15_50,consolidated_memory,raw_memories,raw_memories/vis_2026-04-21_07-30-15_50,2026-04-21_07-30-15,1776727815.9126525,0.0235099739907973,-0.1699620634317398,7.012964248657227,1.0,None,False,None,False,vis_2026-04-21_07-30-14_49,vis_2026-04-21_07-30-16_51,0.6074908270061592,0.5639443767722462,0.5593939890724028
vis_2026-04-21_07-30-16_51,consolidated_memory,raw_memories,raw_memories/vis_2026-04-21_07-30-16_51,2026-04-21_07-30-16,1776727816.4113357,0.008112572683247492,0.3035249412059784,1.0892601013183594,1.0,aud_2026-04-21_07-30-16_11,True,None,False,vis_2026-04-21_07-30-15_50,vis_2026-04-21_07-30-18_52,0.6058636964125081,0.5569558391712104,0.5680927517425874
vis_2026-04-21_07-30-18_52,consolidated_memory,raw_memories,raw_memories/vis_2026-04-21_07-30-18_52,2026-04-21_07-30-18,1776727818.8824847,-0.010989298251880818,-0.06717284023761749,5.822589874267578,1.0,None,False,None,False,vis_2026-04-21_07-30-16_51,vis_2026-04-21_07-30-19_53,0.6030709769468793,0.5665472936951694,0.5615421273341976
vis_2026-04-21_07-30-19_53,consolidated_memory,raw_memories,raw_memories/vis_2026-04-21_07-30-19_53,2026-04-21_07-30-19,1776727819.5016928,-0.00413620442712432,0.19418805837631226,6.595184326171875,1.0,None,False,None,False,vis_2026-04-21_07-30-18_52,vis_2026-04-21_07-30-21_54,0.6063802261815046,0.562091043968637,0.5624559356841344
vis_2026-04-21_07-30-21_54,consolidated_memory,raw_memories,raw_memories/vis_2026-04-21_07-30-21_54,2026-04-21_07-30-21,1776727821.2707326,-0.017666534032345325,0.4302666485309601,7.2348175048828125,1.0,aud_2026-04-21_07-30-21_13,True,None,False,vis_2026-04-21_07-30-19_53,vis_2026-04-21_07-30-21_55,0.6067988844660503,0.5588415750624707,0.5652355330235828
vis_2026-04-21_07-30-21_55,consolidated_memory,raw_memories,raw_memories/vis_2026-04-21_07-30-21_55,2026-04-21_07-30-21,1776727821.8134441,-0.012408579147133376,0.4884483814239502,7.315925598144531,1.0,aud_2026-04-21_07-30-21_13,True,None,False,vis_2026-04-21_07-30-21_54,vis_2026-04-21_07-30-27_56,0.6126808582392675,0.5607749602335663,0.5569143649810414
vis_2026-04-21_07-30-27_56,consolidated_memory,raw_memories,raw_memories/vis_2026-04-21_07-30-27_56,2026-04-21_07-30-27,1776727827.2712927,-0.02883849463361602,-0.20528240501880646,2.2018508911132812,1.0,None,False,None,False,vis_2026-04-21_07-30-21_55,vis_2026-04-21_07-30-27_57,0.6056335354719947,0.563594379910457,0.561755636949946
vis_2026-04-21_07-30-27_57,consolidated_memory,raw_memories,raw_memories/vis_2026-04-21_07-30-27_57,2026-04-21_07-30-27,1776727827.8690755,0.001955856350008959,-0.07477664947509766,8.923332214355469,1.0,None,False,None,False,vis_2026-04-21_07-30-27_56,vis_2026-04-21_07-30-28_58,0.6175830062803869,0.5556058088559626,0.5566807123649885
vis_2026-04-21_07-30-28_58,consolidated_memory,raw_memories,raw_memories/vis_2026-04-21_07-30-28_58,2026-04-21_07-30-28,1776727828.446753,0.5349381400082055,0.08415737748146057,1.2611083984375,1.0,None,False,None,False,vis_2026-04-21_07-30-27_57,vis_2026-04-21_07-30-28_59,0.6166242256331804,0.5495171848987915,0.5637423417335157
vis_2026-04-21_07-30-28_59,consolidated_memory,raw_memories,raw_memories/vis_2026-04-21_07-30-28_59,2026-04-21_07-30-28,1776727828.9501328,0.15859713545869586,-0.06478239595890045,0.9081497192382812,1.0,None,False,None,False,vis_2026-04-21_07-30-28_58,vis_2026-04-21_07-30-29_60,0.6150432736060093,0.5520504081335413,0.5629938884851186
vis_2026-04-21_07-30-29_60,consolidated_memory,raw_memories,raw_memories/vis_2026-04-21_07-30-29_60,2026-04-21_07-30-29,1776727829.6585133,-0.006902558480626102,0.16037653386592865,2.6237030029296875,1.0,aud_2026-04-21_07-30-30_16,True,None,False,vis_2026-04-21_07-30-28_59,vis_2026-04-21_07-30-30_61,0.6131407898257003,0.5590767462912942,0.5581142926034562
vis_2026-04-21_07-30-30_61,consolidated_memory,raw_memories,raw_memories/vis_2026-04-21_07-30-30_61,2026-04-21_07-30-30,1776727830.1937392,-0.025424763390780796,0.3304716646671295,0.9833335876464844,1.0,None,False,None,False,vis_2026-04-21_07-30-29_60,vis_2026-04-21_07-30-34_62,0.6018147478074563,0.5632530926821473,0.5661845661137755
vis_2026-04-21_07-30-34_62,consolidated_memory,raw_memories,raw_memories/vis_2026-04-21_07-30-34_62,2026-04-21_07-30-34,1776727834.7598138,-0.003099548038131109,0.08097875863313675,0.24111175537109375,1.0,aud_2026-04-21_07-30-35_21,True,None,False,vis_2026-04-21_07-30-30_61,vis_2026-04-21_07-30-35_63,0.6071536050986709,0.563398304071466,0.5603096026172343
vis_2026-04-21_07-30-35_63,consolidated_memory,raw_memories,raw_memories/vis_2026-04-21_07-30-35_63,2026-04-21_07-30-35,1776727835.355438,-0.019707771107411922,0.1697472333908081,1.3259201049804688,1.0,aud_2026-04-21_07-30-35_21,True,None,False,vis_2026-04-21_07-30-34_62,vis_2026-04-21_07-30-39_64,0.6092924472769358,0.560956125898013,0.5604381665346989
vis_2026-04-21_07-30-39_64,consolidated_memory,raw_memories,raw_memories/vis_2026-04-21_07-30-39_64,2026-04-21_07-30-39,1776727839.5698686,-0.016196849791129612,-0.14438468217849731,3.452594757080078,1.0,None,False,None,False,vis_2026-04-21_07-30-35_63,vis_2026-04-21_07-30-40_65,0.5683566431905679,0.5627597786220294,0.6002267552404124
vis_2026-04-21_07-30-40_65,consolidated_memory,raw_memories,raw_memories/vis_2026-04-21_07-30-40_65,2026-04-21_07-30-40,1776727840.118695,-0.011086786458620088,0.009617611765861511,11.023704528808594,1.0,None,False,None,False,vis_2026-04-21_07-30-39_64,vis_2026-04-21_07-30-40_66,0.5914229010368593,0.5504564078557317,0.5892509611190377
vis_2026-04-21_07-30-40_66,consolidated_memory,raw_memories,raw_memories/vis_2026-04-21_07-30-40_66,2026-04-21_07-30-40,1776727840.958241,-0.01443501975815079,-0.01771896332502365,13.417034149169922,1.0,None,False,None,False,vis_2026-04-21_07-30-40_65,vis_2026-04-21_07-30-41_67,0.5976084446228883,0.56201579572291,0.5718412299522977
vis_2026-04-21_07-30-41_67,consolidated_memory,raw_memories,raw_memories/vis_2026-04-21_07-30-41_67,2026-04-21_07-30-41,1776727841.5037596,-0.008598952425040017,0.07263363152742386,0.5114822387695312,1.0,None,False,None,False,vis_2026-04-21_07-30-40_66,vis_2026-04-21_07-30-42_68,0.5918134495551595,0.5338745505074066,0.603932782059508
vis_2026-04-21_07-30-42_68,consolidated_memory,raw_memories,raw_memories/vis_2026-04-21_07-30-42_68,2026-04-21_07-30-42,1776727842.1101685,-0.013176414753138905,-0.015469708479940891,1.9592609405517578,1.0,None,False,None,False,vis_2026-04-21_07-30-41_67,vis_2026-04-21_07-30-42_69,0.6691685777405634,0.5339527729821546,0.5168247776464857
vis_2026-04-21_07-30-42_69,consolidated_memory,raw_memories,raw_memories/vis_2026-04-21_07-30-42_69,2026-04-21_07-30-42,1776727842.9154952,-0.011632647830373375,-0.026056993752717972,0.5322227478027344,1.0,None,False,None,False,vis_2026-04-21_07-30-42_68,vis_2026-04-21_07-30-43_70,0.6250283730248972,0.5563327110780364,0.5475704954600932
vis_2026-04-21_07-30-43_70,consolidated_memory,raw_memories,raw_memories/vis_2026-04-21_07-30-43_70,2026-04-21_07-30-43,1776727843.8011875,-0.015941684714737153,-0.06918744742870331,4.926300048828125,1.0,None,False,None,False,vis_2026-04-21_07-30-42_69,vis_2026-04-21_07-30-44_71,0.6194253173150814,0.5620677233772481,0.5480804234842072
vis_2026-04-21_07-30-44_71,consolidated_memory,raw_memories,raw_memories/vis_2026-04-21_07-30-44_71,2026-04-21_07-30-44,1776727844.4551086,-0.02003711226022011,-0.12218937277793884,2.7577743530273438,1.0,None,False,None,False,vis_2026-04-21_07-30-43_70,vis_2026-04-21_07-30-45_72,0.6030156579040948,0.5600072231493571,0.5681232492541014
vis_2026-04-21_07-30-45_72,consolidated_memory,raw_memories,raw_memories/vis_2026-04-21_07-30-45_72,2026-04-21_07-30-45,1776727845.1658983,-0.021797387228945888,-0.13745597004890442,12.148887634277344,1.0,None,False,None,False,vis_2026-04-21_07-30-44_71,vis_2026-04-21_07-30-45_73,0.6020799053131934,0.5636573313015195,0.565499956222903
vis_2026-04-21_07-30-45_73,consolidated_memory,raw_memories,raw_memories/vis_2026-04-21_07-30-45_73,2026-04-21_07-30-45,1776727845.8022568,-0.011147508894271735,-0.0012942630564793944,12.955928802490234,1.0,None,False,None,False,vis_2026-04-21_07-30-45_72,vis_2026-04-21_07-30-46_74,0.6036046087561806,0.5640668419161194,0.5634625756330881
vis_2026-04-21_07-30-46_74,consolidated_memory,raw_memories,raw_memories/vis_2026-04-21_07-30-46_74,2026-04-21_07-30-46,1776727846.6435256,-0.004668296029559076,0.06516237556934357,7.659259796142578,1.0,None,False,None,False,vis_2026-04-21_07-30-45_73,vis_2026-04-21_07-30-47_75,0.6053750722071286,0.5665035401889043,0.5591017446794924
vis_2026-04-21_07-30-47_75,consolidated_memory,raw_memories,raw_memories/vis_2026-04-21_07-30-47_75,2026-04-21_07-30-47,1776727847.4479709,-0.0035963110173163394,0.07749466598033905,9.115554809570312,1.0,None,False,None,False,vis_2026-04-21_07-30-46_74,vis_2026-04-21_07-30-48_76,0.584943722273554,0.5736506933018574,0.5733809587412698
vis_2026-04-21_07-30-48_76,consolidated_memory,raw_memories,raw_memories/vis_2026-04-21_07-30-48_76,2026-04-21_07-30-48,1776727848.1910784,-0.0108546969594187,-0.08593115955591202,23.608890533447266,1.0,None,False,None,False,vis_2026-04-21_07-30-47_75,vis_2026-04-21_07-30-49_77,0.5682604182065472,0.5849270134388598,0.5787404306329532
vis_2026-04-21_07-30-49_77,consolidated_memory,raw_memories,raw_memories/vis_2026-04-21_07-30-49_77,2026-04-21_07-30-49,1776727849.1937451,0.2053805483178476,-0.08138518035411835,1.6740741729736328,1.0,None,False,None,False,vis_2026-04-21_07-30-48_76,vis_2026-04-21_07-30-49_78,0.5944253522954872,0.5755293174820589,0.5616266600394084
vis_2026-04-21_07-30-49_78,consolidated_memory,raw_memories,raw_memories/vis_2026-04-21_07-30-49_78,2026-04-21_07-30-49,1776727849.704995,0.020841988735314523,-0.17124846577644348,1.14666748046875,1.0,None,False,None,False,vis_2026-04-21_07-30-49_77,vis_2026-04-21_07-30-50_79,0.603908290818683,0.5706081653533176,0.5565079495502091
vis_2026-04-21_07-30-50_79,consolidated_memory,raw_memories,raw_memories/vis_2026-04-21_07-30-50_79,2026-04-21_07-30-50,1776727850.3348448,-0.059583729587569606,-0.32682791352272034,1.021484375,1.0,None,False,None,False,vis_2026-04-21_07-30-49_78,vis_2026-04-21_07-30-51_80,0.5945536748329326,0.5678136591279209,0.5692921712534055
vis_2026-04-21_07-30-51_80,consolidated_memory,raw_memories,raw_memories/vis_2026-04-21_07-30-51_80,2026-04-21_07-30-51,1776727851.5237527,-0.051715739597204095,-0.19761618971824646,2.213705062866211,1.0,None,False,None,False,vis_2026-04-21_07-30-50_79,vis_2026-04-21_07-30-52_81,0.5351909480374205,0.585836525176891,0.6085772053794597
vis_2026-04-21_07-30-52_81,consolidated_memory,raw_memories,raw_memories/vis_2026-04-21_07-30-52_81,2026-04-21_07-30-52,1776727852.0865839,-0.03816326772843251,-0.12879246473312378,1.3096296787261963,1.0,None,False,None,False,vis_2026-04-21_07-30-51_80,vis_2026-04-21_07-30-52_82,0.5373707197548518,0.5810823878351843,0.6112086125848629
vis_2026-04-21_07-30-52_82,consolidated_memory,raw_memories,raw_memories/vis_2026-04-21_07-30-52_82,2026-04-21_07-30-52,1776727852.653664,-0.039165339224858965,-0.18428632616996765,1.9859256744384766,1.0,None,False,None,False,vis_2026-04-21_07-30-52_81,vis_2026-04-21_07-30-53_83,0.5411915380364152,0.5771195301650559,0.6115919939468178
vis_2026-04-21_07-30-53_83,consolidated_memory,raw_memories,raw_memories/vis_2026-04-21_07-30-53_83,2026-04-21_07-30-53,1776727853.6939058,-0.03917702810343713,-0.25587940216064453,0.5859260559082031,1.0,None,False,None,False,vis_2026-04-21_07-30-52_82,vis_2026-04-21_07-30-54_84,0.5281721966746585,0.575095554071335,0.6247393331200222
vis_2026-04-21_07-30-54_84,consolidated_memory,raw_memories,raw_memories/vis_2026-04-21_07-30-54_84,2026-04-21_07-30-54,1776727854.3150635,-0.02495582552957187,-0.13909050822257996,6.818519592285156,1.0,None,False,None,False,vis_2026-04-21_07-30-53_83,vis_2026-04-21_07-30-54_85,0.5316575989832018,0.5719829155298074,0.6246404900304159
vis_2026-04-21_07-30-54_85,consolidated_memory,raw_memories,raw_memories/vis_2026-04-21_07-30-54_85,2026-04-21_07-30-54,1776727854.9175878,-0.018880274146499627,-0.09039891511201859,3.2396316528320312,1.0,None,False,None,False,vis_2026-04-21_07-30-54_84,vis_2026-04-21_07-30-55_86,0.5382468527890188,0.5728666016489702,0.6181538499256283
vis_2026-04-21_07-30-55_86,consolidated_memory,raw_memories,raw_memories/vis_2026-04-21_07-30-55_86,2026-04-21_07-30-55,1776727855.716935,-0.03105124651002325,-0.23001854121685028,0.8540725708007812,1.0,None,False,None,False,vis_2026-04-21_07-30-54_85,vis_2026-04-21_07-30-56_87,0.5309657792569953,0.5862859943836464,0.6118366400009
vis_2026-04-21_07-30-56_87,consolidated_memory,raw_memories,raw_memories/vis_2026-04-21_07-30-56_87,2026-04-21_07-30-56,1776727856.4341502,-0.02747679843211569,-0.16963061690330505,7.973331451416016,1.0,None,False,None,False,vis_2026-04-21_07-30-55_86,vis_2026-04-21_07-30-57_88,0.5311422165184047,0.5889275467373167,0.6091406163817036
vis_2026-04-21_07-30-57_88,consolidated_memory,raw_memories,raw_memories/vis_2026-04-21_07-30-57_88,2026-04-21_07-30-57,1776727857.3590238,-0.018495628597907675,-0.05298902839422226,4.843334197998047,1.0,None,False,None,False,vis_2026-04-21_07-30-56_87,vis_2026-04-21_07-30-58_89,0.5314346231887588,0.5893563328428616,0.6084705039804608
vis_2026-04-21_07-30-58_89,consolidated_memory,raw_memories,raw_memories/vis_2026-04-21_07-30-58_89,2026-04-21_07-30-58,1776727858.1124523,-0.016485905548587837,-0.03844442591071129,8.978147506713867,1.0,None,False,None,False,vis_2026-04-21_07-30-57_88,vis_2026-04-21_07-30-58_90,0.5367971192748136,0.5866161754593162,0.606407713859039
vis_2026-04-21_07-30-58_90,consolidated_memory,raw_memories,raw_memories/vis_2026-04-21_07-30-58_90,2026-04-21_07-30-58,1776727858.745653,-0.010010503469368232,0.03745623677968979,1.375925064086914,1.0,None,False,None,False,vis_2026-04-21_07-30-58_89,vis_2026-04-21_07-30-59_91,0.588421086833262,0.5603175025861047,0.5829278865053834
vis_2026-04-21_07-30-59_91,consolidated_memory,raw_memories,raw_memories/vis_2026-04-21_07-30-59_91,2026-04-21_07-30-59,1776727859.3921843,-0.010373984616614281,0.0819472000002861,4.016295433044434,1.0,None,False,None,False,vis_2026-04-21_07-30-58_90,vis_2026-04-21_07-31-00_92,0.5663163116742487,0.5532580827600548,0.6108938770296717
vis_2026-04-21_07-31-00_92,consolidated_memory,raw_memories,raw_memories/vis_2026-04-21_07-31-00_92,2026-04-21_07-31-00,1776727860.0286434,-0.007209540780156038,0.049306441098451614,2.9551849365234375,1.0,None,False,None,False,vis_2026-04-21_07-30-59_91,vis_2026-04-21_07-31-00_93,0.5835485504313724,0.5464095491077338,0.6007559354124826
vis_2026-04-21_07-31-00_93,consolidated_memory,raw_memories,raw_memories/vis_2026-04-21_07-31-00_93,2026-04-21_07-31-00,1776727860.627025,-0.016881244872689008,0.19411075115203857,0.3596305847167969,1.0,None,False,None,False,vis_2026-04-21_07-31-00_92,vis_2026-04-21_07-31-01_94,0.5965673354575386,0.559145047911202,0.5757293024169191
vis_2026-04-21_07-31-01_94,consolidated_memory,raw_memories,raw_memories/vis_2026-04-21_07-31-01_94,2026-04-21_07-31-01,1776727861.4794695,0.03960056578425683,-0.1364544779062271,20.24518585205078,1.0,aud_2026-04-21_07-31-01_26,True,None,False,vis_2026-04-21_07-31-00_93,vis_2026-04-21_07-31-04_95,0.6177409230319871,0.556038320799579,0.5560733205378341
vis_2026-04-21_07-31-04_95,consolidated_memory,raw_memories,raw_memories/vis_2026-04-21_07-31-04_95,2026-04-21_07-31-04,1776727864.8875637,0.023783550983020017,-0.11943031847476959,2.1337032318115234,1.0,None,False,None,False,vis_2026-04-21_07-31-01_94,vis_2026-04-21_07-31-05_96,0.6140606704138696,0.5578990663498336,0.5582814028936062
vis_2026-04-21_07-31-05_96,consolidated_memory,raw_memories,raw_memories/vis_2026-04-21_07-31-05_96,2026-04-21_07-31-05,1776727865.5682359,0.006265640988567484,-0.00572576280683279,0.4114837646484375,1.0,None,False,None,False,vis_2026-04-21_07-31-04_95,vis_2026-04-21_07-31-06_97,0.6122415865991162,0.5529931148156394,0.5651184429879226
vis_2026-04-21_07-31-06_97,consolidated_memory,raw_memories,raw_memories/vis_2026-04-21_07-31-06_97,2026-04-21_07-31-06,1776727866.5242162,0.04306767501087538,-0.0804181769490242,5.655185699462891,1.0,aud_2026-04-21_07-31-07_28,True,None,False,vis_2026-04-21_07-31-05_96,vis_2026-04-21_07-31-07_98,0.6115819314097722,0.5550204431385911,0.5638438160265079
vis_2026-04-21_07-31-07_98,consolidated_memory,raw_memories,raw_memories/vis_2026-04-21_07-31-07_98,2026-04-21_07-31-07,1776727867.103227,0.0158565536605598,0.39029598236083984,13.461112976074219,1.0,None,False,None,False,vis_2026-04-21_07-31-06_97,vis_2026-04-21_07-31-09_99,0.6106848869256013,0.5564115493714191,0.5634449011276635
vis_2026-04-21_07-31-09_99,consolidated_memory,raw_memories,raw_memories/vis_2026-04-21_07-31-09_99,2026-04-21_07-31-09,1776727869.3750648,-0.01773443972396229,-0.08675766736268997,5.691478729248047,1.0,None,False,None,False,vis_2026-04-21_07-31-07_98,vis_2026-04-21_07-31-10_100,0.6041692622038904,0.5592806232589725,0.5676131491210028
vis_2026-04-21_07-31-10_100,consolidated_memory,raw_memories,raw_memories/vis_2026-04-21_07-31-10_100,2026-04-21_07-31-10,1776727870.9534144,-0.005768388279995316,-0.12365406006574631,4.2077789306640625,1.0,None,False,None,False,vis_2026-04-21_07-31-09_99,vis_2026-04-21_07-31-12_101,0.5969269200441721,0.5643289386444768,0.5702728304373065
vis_2026-04-21_07-31-12_101,consolidated_memory,raw_memories,raw_memories/vis_2026-04-21_07-31-12_101,2026-04-21_07-31-12,1776727872.0036895,-0.008264520067169535,0.08436932414770126,0.9422225952148438,1.0,aud_2026-04-21_07-31-13_30,True,None,False,vis_2026-04-21_07-31-10_100,vis_2026-04-21_07-31-12_102,0.5959732266860319,0.5655266404908457,0.5700837938133108
vis_2026-04-21_07-31-12_102,consolidated_memory,raw_memories,raw_memories/vis_2026-04-21_07-31-12_102,2026-04-21_07-31-12,1776727872.3698597,-0.0055763419754914665,0.2893919050693512,12.075557708740234,1.0,aud_2026-04-21_07-31-13_30,True,None,False,vis_2026-04-21_07-31-12_101,vis_2026-04-21_07-31-12_103,0.5974077912863954,0.5652580787828575,0.5688472864319767
vis_2026-04-21_07-31-12_103,consolidated_memory,raw_memories,raw_memories/vis_2026-04-21_07-31-12_103,2026-04-21_07-31-12,1776727872.8865151,-0.0027398102679410774,0.3559744954109192,8.637779235839844,1.0,aud_2026-04-21_07-31-13_30,True,None,False,vis_2026-04-21_07-31-12_102,vis_2026-04-21_07-31-13_104,0.5972345408618908,0.5662909273632699,0.5680013105508951
vis_2026-04-21_07-31-13_104,consolidated_memory,raw_memories,raw_memories/vis_2026-04-21_07-31-13_104,2026-04-21_07-31-13,1776727873.4250233,-0.005176451093592308,0.2476195991039276,4.718891143798828,1.0,None,False,None,False,vis_2026-04-21_07-31-12_103,vis_2026-04-21_07-31-20_105,0.5994117801911778,0.5652300278896984,0.566763207468387
vis_2026-04-21_07-31-20_105,consolidated_memory,raw_memories,raw_memories/vis_2026-04-21_07-31-20_105,2026-04-21_07-31-20,1776727880.813713,0.002500508895355156,0.031044047325849533,12.351112365722656,1.0,None,False,None,False,vis_2026-04-21_07-31-13_104,vis_2026-04-21_07-31-21_106,0.6091751697329824,0.5575066489929255,0.5639964085962524
vis_2026-04-21_07-31-21_106,consolidated_memory,raw_memories,raw_memories/vis_2026-04-21_07-31-21_106,2026-04-21_07-31-21,1776727881.6254976,-0.011421170306348523,-0.044234875589609146,5.950740814208984,1.0,None,False,None,False,vis_2026-04-21_07-31-20_105,vis_2026-04-21_07-31-22_107,0.6070321725552192,0.5578914543336462,0.5659231985564646
vis_2026-04-21_07-31-22_107,consolidated_memory,raw_memories,raw_memories/vis_2026-04-21_07-31-22_107,2026-04-21_07-31-22,1776727882.2800972,0.044434392379084364,0.11943338811397552,0.40962982177734375,1.0,aud_2026-04-21_07-31-22_37,True,None,False,vis_2026-04-21_07-31-21_106,vis_2026-04-21_07-31-23_108,0.6116571223552593,0.554941561931186,0.5638398952836338
vis_2026-04-21_07-31-23_108,consolidated_memory,raw_memories,raw_memories/vis_2026-04-21_07-31-23_108,2026-04-21_07-31-23,1776727883.1037285,0.07663629518262101,0.07011891156435013,5.269630432128906,1.0,aud_2026-04-21_07-31-23_38,True,None,False,vis_2026-04-21_07-31-22_107,vis_2026-04-21_07-31-29_109,0.6068530945534697,0.562715021029509,0.5613208768063388
vis_2026-04-21_07-31-29_109,consolidated_memory,raw_memories,raw_memories/vis_2026-04-21_07-31-29_109,2026-04-21_07-31-29,1776727889.3723712,0.01657961773001637,0.1679692268371582,3.2151832580566406,1.0,None,False,None,False,vis_2026-04-21_07-31-23_108,vis_2026-04-21_07-31-36_110,0.6099855971714034,0.5593180278263404,0.5613206881916072
vis_2026-04-21_07-31-36_110,consolidated_memory,raw_memories,raw_memories/vis_2026-04-21_07-31-36_110,2026-04-21_07-31-36,1776727896.725564,-0.03338045599447119,-0.08218957483768463,2.1881484985351562,1.0,None,False,None,False,vis_2026-04-21_07-31-29_109,vis_2026-04-21_07-31-37_111,0.5936676874388999,0.5598840421778939,0.5780039240398727
vis_2026-04-21_07-31-37_111,consolidated_memory,raw_memories,raw_memories/vis_2026-04-21_07-31-37_111,2026-04-21_07-31-37,1776727897.5254543,-0.07573860381517673,-0.03984573110938072,10.332221984863281,1.0,None,False,None,False,vis_2026-04-21_07-31-36_110,vis_2026-04-21_07-31-38_112,0.609427714021797,0.5548938055441562,0.5662956171037271
vis_2026-04-21_07-31-38_112,consolidated_memory,raw_memories,raw_memories/vis_2026-04-21_07-31-38_112,2026-04-21_07-31-38,1776727898.628687,-0.06099024392763655,-0.12349710613489151,5.357776641845703,1.0,None,False,None,False,vis_2026-04-21_07-31-37_111,vis_2026-04-21_07-31-39_113,0.604544345376777,0.5525037048419795,0.5738168615585038
vis_2026-04-21_07-31-39_113,consolidated_memory,raw_memories,raw_memories/vis_2026-04-21_07-31-39_113,2026-04-21_07-31-39,1776727899.8120399,-0.04152895453185858,-0.13592498004436493,0.70111083984375,1.0,None,False,None,False,vis_2026-04-21_07-31-38_112,vis_2026-04-21_07-31-40_114,0.6047346432382612,0.5505191585687973,0.5755212136109287
vis_2026-04-21_07-31-40_114,consolidated_memory,raw_memories,raw_memories/vis_2026-04-21_07-31-40_114,2026-04-21_07-31-40,1776727900.5562654,0.045537625020610234,-0.12212055921554565,6.464447021484375,1.0,aud_2026-04-21_07-31-40_48,True,None,False,vis_2026-04-21_07-31-39_113,vis_2026-04-21_07-31-43_115,0.6034023112901548,0.5503095206999634,0.5771179100986867
vis_2026-04-21_07-31-43_115,consolidated_memory,raw_memories,raw_memories/vis_2026-04-21_07-31-43_115,2026-04-21_07-31-43,1776727903.919891,-0.0068490743272226024,0.016825200989842415,5.4470367431640625,1.0,None,False,None,False,vis_2026-04-21_07-31-40_114,vis_2026-04-21_07-31-44_116,0.5999080490066244,0.5595612896216431,0.5718404461858477
vis_2026-04-21_07-31-44_116,consolidated_memory,raw_memories,raw_memories/vis_2026-04-21_07-31-44_116,2026-04-21_07-31-44,1776727904.676444,-0.016331097697734644,-0.08376118540763855,7.170370101928711,1.0,None,False,None,False,vis_2026-04-21_07-31-43_115,vis_2026-04-21_07-31-45_117,0.5929861151145023,0.5604691277662902,0.5781365099198493
vis_2026-04-21_07-31-45_117,consolidated_memory,raw_memories,raw_memories/vis_2026-04-21_07-31-45_117,2026-04-21_07-31-45,1776727905.2095075,-0.016114867686562045,-0.04757652431726456,2.251852035522461,1.0,None,False,None,False,vis_2026-04-21_07-31-44_116,vis_2026-04-21_07-31-45_118,0.5953157011113082,0.5627065104793285,0.5735508687767189
vis_2026-04-21_07-31-45_118,consolidated_memory,raw_memories,raw_memories/vis_2026-04-21_07-31-45_118,2026-04-21_07-31-45,1776727905.8993568,-0.016301561011039942,0.03255469352006912,0.9596290588378906,1.0,None,False,None,False,vis_2026-04-21_07-31-45_117,vis_2026-04-21_07-31-46_119,0.5981578002680212,0.5638810203484683,0.5694255358423016
vis_2026-04-21_07-31-46_119,consolidated_memory,raw_memories,raw_memories/vis_2026-04-21_07-31-46_119,2026-04-21_07-31-46,1776727906.7266333,-0.015319205659045735,0.0015472355298697948,11.925926208496094,1.0,None,False,None,False,vis_2026-04-21_07-31-45_118,vis_2026-04-21_07-31-47_120,0.5382146091867385,0.5728733140306834,0.6181757036065624
vis_2026-04-21_07-31-47_120,consolidated_memory,raw_memories,raw_memories/vis_2026-04-21_07-31-47_120,2026-04-21_07-31-47,1776727907.6946108,-0.013890297778144963,-0.028469016775488853,2.9870376586914062,1.0,None,False,None,False,vis_2026-04-21_07-31-46_119,vis_2026-04-21_07-31-49_121,0.5035049324457752,0.5802307983660678,0.640167949549375
vis_2026-04-21_07-31-49_121,consolidated_memory,raw_memories,raw_memories/vis_2026-04-21_07-31-49_121,2026-04-21_07-31-49,1776727909.4507554,-0.015561170782976998,-0.05997094511985779,14.445926666259766,1.0,None,False,None,False,vis_2026-04-21_07-31-47_120,vis_2026-04-21_07-31-50_122,0.6960299905678662,0.49585638189284,0.519296351581867
vis_2026-04-21_07-31-50_122,consolidated_memory,raw_memories,raw_memories/vis_2026-04-21_07-31-50_122,2026-04-21_07-31-50,1776727910.1399245,-0.017015265742775367,-0.0697927474975586,11.173704147338867,1.0,None,False,None,False,vis_2026-04-21_07-31-49_121,vis_2026-04-21_07-31-50_123,0.47956609256933164,0.604063448147234,0.6364932941282705
vis_2026-04-21_07-31-50_123,consolidated_memory,raw_memories,raw_memories/vis_2026-04-21_07-31-50_123,2026-04-21_07-31-50,1776727910.7485409,-0.018610540186117675,-0.0934571698307991,6.565555572509766,1.0,None,False,None,False,vis_2026-04-21_07-31-50_122,vis_2026-04-21_07-31-51_124,0.5924387187395154,0.5631448211895018,0.5760939809664093
vis_2026-04-21_07-31-51_124,consolidated_memory,raw_memories,raw_memories/vis_2026-04-21_07-31-51_124,2026-04-21_07-31-51,1776727911.4212844,-0.010118886053831454,0.2963313162326813,2.0159225463867188,1.0,aud_2026-04-21_07-31-51_51,True,None,False,vis_2026-04-21_07-31-50_123,vis_2026-04-21_07-31-52_125,0.6117877287147334,0.5605681595138722,0.5581031387954182
vis_2026-04-21_07-31-52_125,consolidated_memory,raw_memories,raw_memories/vis_2026-04-21_07-31-52_125,2026-04-21_07-31-52,1776727912.0758352,-0.008739135053281664,0.43687739968299866,1.4970359802246094,1.0,None,False,None,False,vis_2026-04-21_07-31-51_124,vis_2026-04-21_07-31-53_126,0.6009196171971559,0.5533407571654712,0.5768098647970289
vis_2026-04-21_07-31-53_126,consolidated_memory,raw_memories,raw_memories/vis_2026-04-21_07-31-53_126,2026-04-21_07-31-53,1776727913.49456,-0.022782353594396183,-0.06321024149656296,1.0033340454101562,1.0,None,False,None,False,vis_2026-04-21_07-31-52_125,vis_2026-04-21_07-31-54_127,0.6100953460851892,0.552946381844643,0.5674803674931068
vis_2026-04-21_07-31-54_127,consolidated_memory,raw_memories,raw_memories/vis_2026-04-21_07-31-54_127,2026-04-21_07-31-54,1776727914.187782,-0.014636976392116325,0.004860586952418089,2.692962646484375,1.0,None,False,None,False,vis_2026-04-21_07-31-53_126,vis_2026-04-21_07-31-55_128,0.6049471430639862,0.552690729843367,0.5732119252457397
vis_2026-04-21_07-31-55_128,consolidated_memory,raw_memories,raw_memories/vis_2026-04-21_07-31-55_128,2026-04-21_07-31-55,1776727915.7391794,-0.012912713384432742,0.019339000806212425,7.1370391845703125,1.0,None,False,None,False,vis_2026-04-21_07-31-54_127,vis_2026-04-21_07-31-59_129,0.6049995998885276,0.5521433271368108,0.5736839116037804
vis_2026-04-21_07-31-59_129,consolidated_memory,raw_memories,raw_memories/vis_2026-04-21_07-31-59_129,2026-04-21_07-31-59,1776727919.6701303,0.3718518126648879,0.16267414391040802,1.6770362854003906,1.0,None,False,None,False,vis_2026-04-21_07-31-55_128,vis_2026-04-21_07-32-00_130,0.6031867030381646,0.5518687736087331,0.5758529829683456
vis_2026-04-21_07-32-00_130,consolidated_memory,raw_memories,raw_memories/vis_2026-04-21_07-32-00_130,2026-04-21_07-32-00,1776727920.2298138,0.31422532239938616,0.08083295077085495,10.034072875976562,1.0,None,False,None,False,vis_2026-04-21_07-31-59_129,vis_2026-04-21_07-32-01_131,0.6045890380358552,0.5512989368290089,0.5749274539783988
vis_2026-04-21_07-32-01_131,consolidated_memory,raw_memories,raw_memories/vis_2026-04-21_07-32-01_131,2026-04-21_07-32-01,1776727921.2015152,-0.036021977737718744,0.02955237776041031,2.823333740234375,1.0,aud_2026-04-21_07-32-01_54,True,None,False,vis_2026-04-21_07-32-00_130,vis_2026-04-21_07-32-03_132,0.6031624651369438,0.5517556894008558,0.5759867184785697
vis_2026-04-21_07-32-03_132,consolidated_memory,raw_memories,raw_memories/vis_2026-04-21_07-32-03_132,2026-04-21_07-32-03,1776727923.24991,-0.035387457594241487,-0.07689740508794785,1.7766647338867188,1.0,None,False,None,False,vis_2026-04-21_07-32-01_131,vis_2026-04-21_07-32-04_133,0.5667171115649922,0.5576227314268706,0.6065382138459773
vis_2026-04-21_07-32-04_133,consolidated_memory,raw_memories,raw_memories/vis_2026-04-21_07-32-04_133,2026-04-21_07-32-04,1776727924.0900953,0.029441744970241206,0.15039494633674622,0.9166641235351562,1.0,aud_2026-04-21_07-32-04_55,True,None,False,vis_2026-04-21_07-32-03_132,vis_2026-04-21_07-32-06_134,0.5906717168576816,0.5551659621663,0.5855746556643014
vis_2026-04-21_07-32-06_134,consolidated_memory,raw_memories,raw_memories/vis_2026-04-21_07-32-06_134,2026-04-21_07-32-06,1776727926.339297,-0.018913895644993486,-0.0174877792596817,2.4829635620117188,1.0,None,False,None,False,vis_2026-04-21_07-32-04_133,vis_2026-04-21_07-32-07_135,0.6010621220992359,0.5574567054377705,0.5726834613816169
vis_2026-04-21_07-32-07_135,consolidated_memory,raw_memories,raw_memories/vis_2026-04-21_07-32-07_135,2026-04-21_07-32-07,1776727927.2306886,-0.014313373416147718,0.02063627354800701,4.330371856689453,1.0,None,False,None,False,vis_2026-04-21_07-32-06_134,vis_2026-04-21_07-32-08_136,0.620445011480235,0.5496146442129747,0.5594387639375163
vis_2026-04-21_07-32-08_136,consolidated_memory,raw_memories,raw_memories/vis_2026-04-21_07-32-08_136,2026-04-21_07-32-08,1776727928.909198,-0.017433133983121196,-0.043745920062065125,7.232959747314453,1.0,None,False,None,False,vis_2026-04-21_07-32-07_135,vis_2026-04-21_07-32-09_137,0.6150544108813258,0.5551489026338242,0.5599265733646566
vis_2026-04-21_07-32-09_137,consolidated_memory,raw_memories,raw_memories/vis_2026-04-21_07-32-09_137,2026-04-21_07-32-09,1776727929.597306,-0.023673010175958402,-0.11401145905256271,5.9848175048828125,1.0,None,False,None,False,vis_2026-04-21_07-32-08_136,vis_2026-04-21_07-32-10_138,0.6085281991530694,0.5532088997281542,0.5689053911654267
vis_2026-04-21_07-32-10_138,consolidated_memory,raw_memories,raw_memories/vis_2026-04-21_07-32-10_138,2026-04-21_07-32-10,1776727930.6333816,-0.019200197093712613,-0.10697668045759201,0.3329620361328125,1.0,None,False,None,False,vis_2026-04-21_07-32-09_137,vis_2026-04-21_07-32-11_139,0.6070690730005339,0.5496024748121829,0.5739375055583982
vis_2026-04-21_07-32-11_139,consolidated_memory,raw_memories,raw_memories/vis_2026-04-21_07-32-11_139,2026-04-21_07-32-11,1776727931.6304786,-0.01316790526966796,-0.03864005208015442,4.290370941162109,1.0,None,False,None,False,vis_2026-04-21_07-32-10_138,vis_2026-04-21_07-32-12_140,0.6175574540090921,0.5581593124954277,0.5541488724814294
vis_2026-04-21_07-32-12_140,consolidated_memory,raw_memories,raw_memories/vis_2026-04-21_07-32-12_140,2026-04-21_07-32-12,1776727932.2454894,-0.008444461755823267,0.03214869648218155,18.67703628540039,1.0,None,False,None,False,vis_2026-04-21_07-32-11_139,vis_2026-04-21_07-32-13_141,0.5883698191210893,0.5873925624174513,0.5556896018138878
vis_2026-04-21_07-32-13_141,consolidated_memory,raw_memories,raw_memories/vis_2026-04-21_07-32-13_141,2026-04-21_07-32-13,1776727933.1504796,-0.010863951547697604,0.0025497153401374817,1.4570369720458984,1.0,None,False,None,False,vis_2026-04-21_07-32-12_140,vis_2026-04-21_07-32-14_142,0.5902536168317529,0.5801496946273431,0.5612726606924968
vis_2026-04-21_07-32-14_142,consolidated_memory,raw_memories,raw_memories/vis_2026-04-21_07-32-14_142,2026-04-21_07-32-14,1776727934.2366195,-0.016094333929531385,-0.031851835548877716,8.999998092651367,1.0,None,False,None,False,vis_2026-04-21_07-32-13_141,vis_2026-04-21_07-32-14_143,0.5414871973389754,0.5769182285328762,0.6115202144692108
vis_2026-04-21_07-32-14_143,consolidated_memory,raw_memories,raw_memories/vis_2026-04-21_07-32-14_143,2026-04-21_07-32-14,1776727934.812215,0.22316926786331598,-0.8182907700538635,7.684444427490234,1.0,None,False,None,False,vis_2026-04-21_07-32-14_142,vis_2026-04-21_07-32-15_144,0.6005187654165854,0.5566342366805773,0.5740518608432265
vis_2026-04-21_07-32-15_144,consolidated_memory,raw_memories,raw_memories/vis_2026-04-21_07-32-15_144,2026-04-21_07-32-15,1776727935.9627204,0.10133168193956141,-0.2982586920261383,4.048519134521484,1.0,aud_2026-04-21_07-32-16_56,True,None,False,vis_2026-04-21_07-32-14_143,vis_2026-04-21_07-32-16_145,0.6177067737980058,0.5540813996956101,0.5580610576947768
vis_2026-04-21_07-32-16_145,consolidated_memory,raw_memories,raw_memories/vis_2026-04-21_07-32-16_145,2026-04-21_07-32-16,1776727936.8786967,0.03020674991989315,1.0,11.732963562011719,1.0,aud_2026-04-21_07-32-17_57,True,None,False,vis_2026-04-21_07-32-15_144,vis_2026-04-21_07-32-20_146,0.5328540184057395,0.576269647758466,0.6196611074944024
vis_2026-04-21_07-32-20_146,consolidated_memory,raw_memories,raw_memories/vis_2026-04-21_07-32-20_146,2026-04-21_07-32-20,1776727940.8152947,-0.017054589274060603,-0.06212987005710602,17.128150939941406,1.0,None,False,None,False,vis_2026-04-21_07-32-16_145,vis_2026-04-21_07-32-21_147,0.6135862625771629,0.5484412978837111,0.5680880575687358
vis_2026-04-21_07-32-21_147,consolidated_memory,raw_memories,raw_memories/vis_2026-04-21_07-32-21_147,2026-04-21_07-32-21,1776727941.9378583,-0.007759111263242107,0.18200090527534485,10.332962036132812,1.0,aud_2026-04-21_07-32-22_59,True,None,False,vis_2026-04-21_07-32-20_146,vis_2026-04-21_07-32-22_148,0.6074782349319495,0.5498847159944535,0.5732338032597715
vis_2026-04-21_07-32-22_148,consolidated_memory,raw_memories,raw_memories/vis_2026-04-21_07-32-22_148,2026-04-21_07-32-22,1776727942.8345983,-0.008129296995371304,0.4946904182434082,5.2866668701171875,1.0,None,False,None,False,vis_2026-04-21_07-32-21_147,vis_2026-04-21_07-32-25_149,0.6042454264101124,0.552315027626404,0.5743131331603919
vis_2026-04-21_07-32-25_149,consolidated_memory,raw_memories,raw_memories/vis_2026-04-21_07-32-25_149,2026-04-21_07-32-25,1776727945.3305306,-0.012126542821443842,-0.06734203547239304,0.17852020263671875,1.0,None,False,None,False,vis_2026-04-21_07-32-22_148,vis_2026-04-21_07-32-26_150,0.6101255986494737,0.5526964884969799,0.5676912413237752
vis_2026-04-21_07-32-26_150,consolidated_memory,raw_memories,raw_memories/vis_2026-04-21_07-32-26_150,2026-04-21_07-32-26,1776727946.0142257,-0.006446323567630666,0.08732721209526062,0.07666587829589844,1.0,aud_2026-04-21_07-32-26_61,True,None,False,vis_2026-04-21_07-32-25_149,vis_2026-04-21_07-32-38_151,0.5902288223350781,0.5530563571738059,0.5880124174493141
vis_2026-04-21_07-32-38_151,consolidated_memory,raw_memories,raw_memories/vis_2026-04-21_07-32-38_151,2026-04-21_07-32-38,1776727958.918525,0.0005081439508585647,0.0720231831073761,8.527408599853516,1.0,aud_2026-04-21_07-32-39_72,True,None,False,vis_2026-04-21_07-32-26_150,vis_2026-04-21_07-32-41_152,0.6011802746522574,0.5658718045220869,0.5642440768106949
vis_2026-04-21_07-32-41_152,consolidated_memory,raw_memories,raw_memories/vis_2026-04-21_07-32-41_152,2026-04-21_07-32-41,1776727961.3493028,0.003436769369081082,0.04440648853778839,1.2940711975097656,1.0,None,False,None,False,vis_2026-04-21_07-32-38_151,vis_2026-04-21_07-32-41_153,0.5956021046675443,0.5700669754148654,0.5659344277007176
vis_2026-04-21_07-32-41_153,consolidated_memory,raw_memories,raw_memories/vis_2026-04-21_07-32-41_153,2026-04-21_07-32-41,1776727961.969546,-0.005844253242034629,0.2409275472164154,9.944446563720703,1.0,aud_2026-04-21_07-32-42_73,True,None,False,vis_2026-04-21_07-32-41_152,vis_2026-04-21_07-32-44_154,0.605948532014791,0.5624053769379296,0.5626069396482993
vis_2026-04-21_07-32-44_154,consolidated_memory,raw_memories,raw_memories/vis_2026-04-21_07-32-44_154,2026-04-21_07-32-44,1776727964.8720074,-0.018025928278063246,-0.08133941143751144,2.776294708251953,1.0,None,False,None,False,vis_2026-04-21_07-32-41_153,vis_2026-04-21_07-32-50_155,0.6030994777882835,0.561247717648698,0.5668086267212481
vis_2026-04-21_07-32-50_155,consolidated_memory,raw_memories,raw_memories/vis_2026-04-21_07-32-50_155,2026-04-21_07-32-50,1776727970.0147514,-0.018767183606631068,-0.0354059599339962,1.2533340454101562,1.0,None,False,None,False,vis_2026-04-21_07-32-44_154,vis_2026-04-21_07-32-50_156,0.5916550878932884,0.576115517153263,0.5639460682239158
vis_2026-04-21_07-32-50_156,consolidated_memory,raw_memories,raw_memories/vis_2026-04-21_07-32-50_156,2026-04-21_07-32-50,1776727970.579144,-0.013141454528556742,0.16228331625461578,2.965923309326172,1.0,aud_2026-04-21_07-32-51_77,True,None,False,vis_2026-04-21_07-32-50_155,vis_2026-04-21_07-32-51_157,0.5962314014803097,0.5685931801832069,0.5667538366327772
vis_2026-04-21_07-32-51_157,consolidated_memory,raw_memories,raw_memories/vis_2026-04-21_07-32-51_157,2026-04-21_07-32-51,1776727971.2722297,-0.00788049049059575,0.44949644804000854,10.169258117675781,1.0,None,False,None,False,vis_2026-04-21_07-32-50_156,vis_2026-04-21_07-32-53_158,0.5987246570886207,0.5672264055966105,0.5654935806780331
vis_2026-04-21_07-32-53_158,consolidated_memory,raw_memories,raw_memories/vis_2026-04-21_07-32-53_158,2026-04-21_07-32-53,1776727973.9364204,-0.015534822752030188,0.5327284336090088,5.369998931884766,1.0,aud_2026-04-21_07-32-54_78,True,None,False,vis_2026-04-21_07-32-51_157,vis_2026-04-21_07-32-55_159,0.6322176837915017,0.5514386883150615,0.5442574513322471
vis_2026-04-21_07-32-55_159,consolidated_memory,raw_memories,raw_memories/vis_2026-04-21_07-32-55_159,2026-04-21_07-32-55,1776727975.7340093,-0.013093765486357895,0.0028794121462851763,5.62518310546875,1.0,None,False,None,False,vis_2026-04-21_07-32-53_158,vis_2026-04-21_07-32-57_160,0.6019498367245069,0.5670641301646687,0.5622229685346617
vis_2026-04-21_07-32-57_160,consolidated_memory,raw_memories,raw_memories/vis_2026-04-21_07-32-57_160,2026-04-21_07-32-57,1776727977.2872775,-0.011779119161654755,-0.034725822508335114,16.588150024414062,1.0,None,False,None,False,vis_2026-04-21_07-32-55_159,vis_2026-04-21_07-33-00_161,0.6050986372817055,0.5571099754933166,0.5687566389640292
vis_2026-04-21_07-33-00_161,consolidated_memory,raw_memories,raw_memories/vis_2026-04-21_07-33-00_161,2026-04-21_07-33-00,1776727980.1256666,-0.005097211596122957,0.10855155438184738,0.45185089111328125,1.0,aud_2026-04-21_07-33-00_80,True,None,False,vis_2026-04-21_07-32-57_160,vis_2026-04-21_07-33-03_162,0.6018967930290177,0.5616293180905637,0.5677083402615399
vis_2026-04-21_07-33-03_162,consolidated_memory,raw_memories,raw_memories/vis_2026-04-21_07-33-03_162,2026-04-21_07-33-03,1776727983.2606618,-0.005612853943435117,-0.08171761780977249,3.134075164794922,1.0,None,False,None,False,vis_2026-04-21_07-33-00_161,vis_2026-04-21_07-33-03_163,0.6081529052862943,0.5587148385347732,0.5639040459093212
vis_2026-04-21_07-33-03_163,consolidated_memory,raw_memories,raw_memories/vis_2026-04-21_07-33-03_163,2026-04-21_07-33-03,1776727983.932575,-0.014896414990356162,-0.09611908346414566,4.375926971435547,1.0,None,False,None,False,vis_2026-04-21_07-33-03_162,vis_2026-04-21_07-33-06_164,0.603533510589611,0.5605238497888166,0.5670628848842992
vis_2026-04-21_07-33-06_164,consolidated_memory,raw_memories,raw_memories/vis_2026-04-21_07-33-06_164,2026-04-21_07-33-06,1776727986.3031447,-0.01112724615620685,-0.1520487666130066,4.5099945068359375,1.0,None,False,None,False,vis_2026-04-21_07-33-03_163,vis_2026-04-21_07-33-06_165,0.6024334542729141,0.5586191860483155,0.5701039713521757
vis_2026-04-21_07-33-06_165,consolidated_memory,raw_memories,raw_memories/vis_2026-04-21_07-33-06_165,2026-04-21_07-33-06,1776727986.9785757,-0.01014947879741921,-0.032953549176454544,4.6629638671875,1.0,None,False,None,False,vis_2026-04-21_07-33-06_164,vis_2026-04-21_07-33-07_166,0.6050132182381316,0.5587689917026248,0.567217964867802
vis_2026-04-21_07-33-07_166,consolidated_memory,raw_memories,raw_memories/vis_2026-04-21_07-33-07_166,2026-04-21_07-33-07,1776727987.7030485,-0.007681524900753283,0.016401590779423714,5.637775421142578,1.0,None,False,None,False,vis_2026-04-21_07-33-06_165,vis_2026-04-21_07-33-08_167,0.6031059028360705,0.5646889965898424,0.5633734170997468
vis_2026-04-21_07-33-08_167,consolidated_memory,raw_memories,raw_memories/vis_2026-04-21_07-33-08_167,2026-04-21_07-33-08,1776727988.995139,-0.014470912481731775,-0.06008528172969818,7.2703704833984375,1.0,None,False,None,False,vis_2026-04-21_07-33-07_166,vis_2026-04-21_07-33-09_168,0.613860231151799,0.5491549128126764,0.5671018412454342
vis_2026-04-21_07-33-09_168,consolidated_memory,raw_memories,raw_memories/vis_2026-04-21_07-33-09_168,2026-04-21_07-33-09,1776727989.623595,0.054977102866273886,-0.019405392929911613,8.594442367553711,1.0,None,False,None,False,vis_2026-04-21_07-33-08_167,vis_2026-04-21_07-33-11_169,0.6287469474208578,0.5679255680505572,0.5311664760349669
vis_2026-04-21_07-33-11_169,consolidated_memory,raw_memories,raw_memories/vis_2026-04-21_07-33-11_169,2026-04-21_07-33-11,1776727991.4139447,-0.009115503192811349,-0.041033677756786346,10.307777404785156,1.0,None,False,None,False,vis_2026-04-21_07-33-09_168,vis_2026-04-21_07-33-11_170,0.6071743351295238,0.5599428027000907,0.5637405293788872
vis_2026-04-21_07-33-11_170,consolidated_memory,raw_memories,raw_memories/vis_2026-04-21_07-33-11_170,2026-04-21_07-33-11,1776727991.9689877,-0.011599044789899808,-0.04882979393005371,0.7785186767578125,1.0,None,False,None,False,vis_2026-04-21_07-33-11_169,vis_2026-04-21_07-33-12_171,0.5975342312804984,0.5628718132636311,0.571076320890068
vis_2026-04-21_07-33-12_171,consolidated_memory,raw_memories,raw_memories/vis_2026-04-21_07-33-12_171,2026-04-21_07-33-12,1776727992.529613,-0.008155523610281282,0.09983011335134506,7.897037506103516,1.0,None,False,None,False,vis_2026-04-21_07-33-11_170,vis_2026-04-21_07-33-17_172,0.585015269914707,0.5686948967454165,0.5782242198164503
vis_2026-04-21_07-33-17_172,consolidated_memory,raw_memories,raw_memories/vis_2026-04-21_07-33-17_172,2026-04-21_07-33-17,1776727997.4362166,-0.003175274383394953,-0.08291324973106384,2.5837020874023438,1.0,None,False,None,False,vis_2026-04-21_07-33-12_171,vis_2026-04-21_07-33-18_173,0.6209666698705851,0.562181490705121,0.5462164098765284
vis_2026-04-21_07-33-18_173,consolidated_memory,raw_memories,raw_memories/vis_2026-04-21_07-33-18_173,2026-04-21_07-33-18,1776727998.0519092,-0.01177920118160327,-0.042079344391822815,28.958152770996094,1.0,None,False,None,False,vis_2026-04-21_07-33-17_172,vis_2026-04-21_07-33-19_174,0.6029005439232787,0.5625485163981799,0.5657297065164788
vis_2026-04-21_07-33-19_174,consolidated_memory,raw_memories,raw_memories/vis_2026-04-21_07-33-19_174,2026-04-21_07-33-19,1776727999.2116475,0.009511114130877713,-0.10219823569059372,3.5251846313476562,1.0,None,False,None,False,vis_2026-04-21_07-33-18_173,vis_2026-04-21_07-33-20_175,0.6019501476904204,0.556219810835285,0.5729533503958596
vis_2026-04-21_07-33-20_175,consolidated_memory,raw_memories,raw_memories/vis_2026-04-21_07-33-20_175,2026-04-21_07-33-20,1776728000.067904,-0.002712263712328882,-0.017348917201161385,0.22222137451171875,1.0,None,False,None,False,vis_2026-04-21_07-33-19_174,vis_2026-04-21_07-33-21_176,0.6063289812314545,0.5577982499999166,0.5667682761198416
vis_2026-04-21_07-33-21_176,consolidated_memory,raw_memories,raw_memories/vis_2026-04-21_07-33-21_176,2026-04-21_07-33-21,1776728001.3243196,0.14984116661336835,-0.14907275140285492,9.957038879394531,1.0,None,False,None,False,vis_2026-04-21_07-33-20_175,vis_2026-04-21_07-33-26_177,0.6075735602122079,0.558059339201688,0.5651762051438808
vis_2026-04-21_07-33-26_177,consolidated_memory,raw_memories,raw_memories/vis_2026-04-21_07-33-26_177,2026-04-21_07-33-26,1776728006.2199512,-0.01377738776415988,-0.1745932698249817,2.8048133850097656,1.0,None,False,None,False,vis_2026-04-21_07-33-21_176,vis_2026-04-21_07-33-28_178,0.6040321064878803,0.5670682233663163,0.5599811107349816
vis_2026-04-21_07-33-28_178,consolidated_memory,raw_memories,raw_memories/vis_2026-04-21_07-33-28_178,2026-04-21_07-33-28,1776728008.2092803,0.028259475495064214,0.30433955788612366,4.703330993652344,1.0,aud_2026-04-21_07-33-28_95,True,None,False,vis_2026-04-21_07-33-26_177,vis_2026-04-21_07-33-34_179,0.6064006804473223,0.5564637393260146,0.5680020436304203
vis_2026-04-21_07-33-34_179,consolidated_memory,raw_memories,raw_memories/vis_2026-04-21_07-33-34_179,2026-04-21_07-33-34,1776728014.4762852,-0.01409527055218412,-0.12384770065546036,12.429630279541016,1.0,None,False,None,False,vis_2026-04-21_07-33-28_178,vis_2026-04-21_07-33-35_180,0.6084146513267732,0.554991237186822,0.5672885850224396
vis_2026-04-21_07-33-35_180,consolidated_memory,raw_memories,raw_memories/vis_2026-04-21_07-33-35_180,2026-04-21_07-33-35,1776728015.2787018,-0.01837276582527759,-0.10629218071699142,1.5637016296386719,1.0,None,False,None,False,vis_2026-04-21_07-33-34_179,vis_2026-04-21_07-33-37_181,0.6138412910616154,0.5537909930093003,0.5625961299632108
vis_2026-04-21_07-33-37_181,consolidated_memory,raw_memories,raw_memories/vis_2026-04-21_07-33-37_181,2026-04-21_07-33-37,1776728017.5480988,-0.01774685841459783,-0.09673340618610382,8.925556182861328,1.0,None,False,None,False,vis_2026-04-21_07-33-35_180,vis_2026-04-21_07-33-38_182,0.6078457345798106,0.5550423823720699,0.5678481458311434
vis_2026-04-21_07-33-38_182,consolidated_memory,raw_memories,raw_memories/vis_2026-04-21_07-33-38_182,2026-04-21_07-33-38,1776728018.1551065,-0.021506154041095023,-0.1328366994857788,1.252593994140625,1.0,None,False,None,False,vis_2026-04-21_07-33-37_181,vis_2026-04-21_07-33-41_183,0.6058676837373457,0.5557994275469166,0.5692199453122347
vis_2026-04-21_07-33-41_183,consolidated_memory,raw_memories,raw_memories/vis_2026-04-21_07-33-41_183,2026-04-21_07-33-41,1776728021.0205913,-0.006867025311634471,0.0325014591217041,4.805553436279297,1.0,None,False,None,False,vis_2026-04-21_07-33-38_182,vis_2026-04-21_07-33-42_184,0.606088911427725,0.5642761444276702,0.560578865347418
vis_2026-04-21_07-33-42_184,consolidated_memory,raw_memories,raw_memories/vis_2026-04-21_07-33-42_184,2026-04-21_07-33-42,1776728022.5375383,-0.019057756424001367,-0.12446000427007675,1.9466667175292969,1.0,None,False,None,False,vis_2026-04-21_07-33-41_183,vis_2026-04-21_07-33-43_185,0.605685115935121,0.5635837446754909,0.5617106933931472
vis_2026-04-21_07-33-43_185,consolidated_memory,raw_memories,raw_memories/vis_2026-04-21_07-33-43_185,2026-04-21_07-33-43,1776728023.56077,-0.0155528914792897,0.4423297345638275,4.655925750732422,1.0,aud_2026-04-21_07-33-43_100,True,None,False,vis_2026-04-21_07-33-42_184,None,0.6024445898678968,0.5636255126677225,0.5651431655863394
